-- phpMyAdmin SQL Dump
-- version 5.0.1
-- https://www.phpmyadmin.net/
--
-- Host: localhost
-- Generation Time: Jun 05, 2020 at 10:08 AM
-- Server version: 10.4.11-MariaDB
-- PHP Version: 7.2.28

SET SQL_MODE = "NO_AUTO_VALUE_ON_ZERO";
SET AUTOCOMMIT = 0;
START TRANSACTION;
SET time_zone = "+00:00";


/*!40101 SET @OLD_CHARACTER_SET_CLIENT=@@CHARACTER_SET_CLIENT */;
/*!40101 SET @OLD_CHARACTER_SET_RESULTS=@@CHARACTER_SET_RESULTS */;
/*!40101 SET @OLD_COLLATION_CONNECTION=@@COLLATION_CONNECTION */;
/*!40101 SET NAMES utf8mb4 */;

--
-- Database: `agriarbor2`
--

-- --------------------------------------------------------

--
-- Table structure for table `analytic`
--

CREATE TABLE `analytic` (
  `id` int(11) NOT NULL,
  `display_type` enum('video','blog','news','info','dashboard') NOT NULL,
  `views_count` int(11) DEFAULT NULL,
  `product_type` enum('animal','crop','fertilizer','pesticides','plant','none') NOT NULL,
  `created` date NOT NULL
) ENGINE=InnoDB DEFAULT CHARSET=utf8mb4;

--
-- Dumping data for table `analytic`
--

INSERT INTO `analytic` (`id`, `display_type`, `views_count`, `product_type`, `created`) VALUES
(1, 'video', 3, 'animal', '2020-05-13'),
(3, 'blog', 3, 'animal', '2020-05-13'),
(4, 'blog', 1, 'crop', '2020-05-13'),
(5, 'news', 2, 'fertilizer', '2020-05-13'),
(6, 'info', 1, 'crop', '2020-05-13'),
(7, 'blog', 5, 'fertilizer', '2020-05-14'),
(8, 'blog', 9, 'animal', '2020-05-14'),
(9, 'blog', 1, 'crop', '2020-05-14'),
(10, 'video', 2, 'animal', '2020-05-14'),
(12, 'info', 1, 'crop', '2020-05-14'),
(13, 'info', 1, 'animal', '2020-05-14'),
(14, 'video', 1, 'crop', '2020-05-14'),
(16, 'dashboard', 9, 'none', '2020-05-14'),
(17, 'dashboard', 51, 'none', '2020-05-15'),
(18, 'blog', 1, 'crop', '2020-05-15'),
(19, 'dashboard', 30, 'none', '2020-05-16'),
(20, 'news', 3, 'pesticides', '2020-05-16'),
(21, 'blog', 5, 'crop', '2020-05-16'),
(22, 'video', 1, 'fertilizer', '2020-05-16'),
(23, 'blog', 5, 'animal', '2020-05-16'),
(24, 'blog', 1, 'fertilizer', '2020-05-16'),
(25, 'info', 1, 'animal', '2020-05-16'),
(26, 'info', 1, 'crop', '2020-05-16'),
(27, 'video', 1, 'crop', '2020-05-16'),
(28, 'dashboard', 65, 'none', '2020-05-17'),
(29, 'blog', 11, 'crop', '2020-05-17'),
(30, 'blog', 1, 'animal', '2020-05-17'),
(31, 'video', 2, 'crop', '2020-05-17'),
(32, 'blog', 6, 'fertilizer', '2020-05-17'),
(33, 'info', 4, 'crop', '2020-05-17'),
(34, 'info', 32, 'animal', '2020-05-17'),
(35, 'video', 1, 'animal', '2020-05-17'),
(36, 'news', 5, 'pesticides', '2020-05-17'),
(37, 'video', 1, 'fertilizer', '2020-05-17'),
(38, 'dashboard', 3, 'none', '2020-05-18'),
(39, 'video', 1, 'fertilizer', '2020-05-18'),
(40, 'info', 2, 'crop', '2020-05-18'),
(41, 'info', 17, 'animal', '2020-05-18'),
(42, 'dashboard', 13, 'none', '2020-05-20'),
(43, 'info', 1, 'animal', '2020-05-20'),
(44, 'dashboard', 6, 'none', '2020-05-31'),
(45, 'dashboard', 84, 'none', '2020-06-01'),
(46, 'info', 2, 'animal', '2020-06-01'),
(47, 'blog', 4, 'none', '2020-06-01'),
(48, 'blog', 29, 'animal', '2020-06-01'),
(49, 'video', 2, 'animal', '2020-06-01'),
(50, 'dashboard', 11, 'none', '2020-06-02'),
(51, 'info', 5, 'crop', '2020-06-02'),
(52, 'dashboard', 142, 'none', '2020-06-03'),
(53, 'info', 20, 'crop', '2020-06-03'),
(54, 'dashboard', 93, 'none', '2020-06-04'),
(55, 'info', 90, 'crop', '2020-06-04'),
(56, 'dashboard', 14, 'none', '2020-06-05'),
(57, 'info', 8, 'crop', '2020-06-05');

-- --------------------------------------------------------

--
-- Table structure for table `carousel`
--

CREATE TABLE `carousel` (
  `id` int(11) NOT NULL,
  `title` varchar(250) NOT NULL,
  `link` varchar(250) DEFAULT NULL,
  `file_id` int(11) NOT NULL,
  `description` varchar(250) DEFAULT NULL,
  `created` datetime NOT NULL,
  `updated` datetime NOT NULL,
  `start_date` date NOT NULL,
  `end_date` date NOT NULL,
  `position` int(11) NOT NULL
) ENGINE=InnoDB DEFAULT CHARSET=utf8mb4;

--
-- Dumping data for table `carousel`
--

INSERT INTO `carousel` (`id`, `title`, `link`, `file_id`, `description`, `created`, `updated`, `start_date`, `end_date`, `position`) VALUES
(1, 'biiterguard', '3', 291, '  ', '2020-06-03 10:40:11', '2020-06-04 03:05:55', '2020-06-03', '2020-06-30', 1),
(2, 'cotton', '4', 293, '  ', '2020-06-03 10:40:41', '2020-06-04 03:08:29', '2020-06-03', '2020-06-30', 2),
(3, 'groundnut', '6', 292, ' ', '2020-06-04 03:07:54', '0000-00-00 00:00:00', '2020-06-03', '2020-06-27', 3);

-- --------------------------------------------------------

--
-- Table structure for table `classification`
--

CREATE TABLE `classification` (
  `id` int(11) NOT NULL,
  `product_type` enum('crop','animal','fertilizer','pesticides','plant','none') NOT NULL,
  `product_name` varchar(250) NOT NULL,
  `product_use` varchar(250) NOT NULL,
  `document_id` int(11) DEFAULT NULL,
  `resource_id` int(11) DEFAULT NULL
) ENGINE=InnoDB DEFAULT CHARSET=utf8mb4;

--
-- Dumping data for table `classification`
--

INSERT INTO `classification` (`id`, `product_type`, `product_name`, `product_use`, `document_id`, `resource_id`) VALUES
(1, 'crop', 'barley', 'food', 1, NULL),
(3, 'crop', 'करेला', 'भोजन', 3, NULL),
(4, 'crop', 'कपास', 'कपङा', 4, NULL),
(5, 'crop', 'खीरा', 'भोजन', 5, NULL),
(6, 'crop', 'मूंगफली', 'तेल,भोजन', 6, NULL),
(7, 'crop', '﻿मक्का', 'भोजन', 7, NULL),
(8, 'crop', 'बाजरा', 'चारा,भोजन', 8, NULL),
(9, 'crop', 'करेला', 'भोजन', NULL, 1),
(10, 'crop', 'जौ', 'भोजन', NULL, 2),
(11, 'crop', 'कपास', 'कपङा', NULL, 3),
(12, 'crop', 'खीरा', 'भोजन', NULL, 4),
(13, 'crop', 'मूंगफली', 'भोजन', NULL, 5),
(14, 'crop', 'सरसों', 'तेल,भोजन', 9, NULL),
(15, 'crop', 'मटर', 'भोजन', 10, NULL),
(16, 'crop', 'कद्दू ', 'भोजन', 11, NULL),
(17, 'crop', 'चावल', 'भोजन', 12, NULL),
(18, 'crop', 'सोयाबीन', 'तेल,भोजन', 13, NULL),
(19, 'crop', '﻿फसल', '', 14, NULL);

-- --------------------------------------------------------

--
-- Table structure for table `contents`
--

CREATE TABLE `contents` (
  `id` int(11) NOT NULL,
  `description` text DEFAULT NULL,
  `resource_id` int(11) DEFAULT NULL,
  `document_id` int(11) DEFAULT NULL,
  `topic_id` int(11) DEFAULT NULL,
  `content_type` enum('topic','file','description','document') NOT NULL,
  `position` int(11) NOT NULL
) ENGINE=InnoDB DEFAULT CHARSET=utf8mb4;

--
-- Dumping data for table `contents`
--

INSERT INTO `contents` (`id`, `description`, `resource_id`, `document_id`, `topic_id`, `content_type`, `position`) VALUES
(45, '<p>﻿मक्का घास परिवार Poaceae का एक सदस्य है। यह एक अनाज अनाज है जिसे पहले प्राचीन मध्य अमेरिका में लोगो द्वारा उगाया जाता था। यह अब दुनिया की तीसरी सबसे महत्वपूर्ण अनाज की फसल है। हालांकि, इस मक्का में से थोड़ा सीधे मनुष्यों द्वारा खाया जाता है। ज्यादातर मकई इथेनॉल, पशु चारा, और अन्य मक्का उत्पादों, जैसे मकई स्टार्च और मकई सिरप बनाने के लिए उपयोग किया जाता है।</p>\r\n\r\n<p>शोध से पता चला है कि डेयरी गायों के आहार में मक्के का सेवन फोरेज सेवन, दूध की उपज और दूध प्रोटीन सामग्री को बढ़ाता है। सांद्रता वाले पूरक को कम किया जा सकता है और लाभप्रदता में सुधार किया जाता है।</p>\r\n\r\n<p><strong>जौ की कुछ किस्म आमतौर पर पायी जाती है।</strong></p>\r\n\r\n<p>अमेरिका में फील्ड मकई का उपयोग मुख्य रूप से पशुधन को खिलाने के लिए किया जाता है, लेकिन अन्य देशों में इसका उपयोग मानव उपभोग के लिए भी किया जाता है।</p>\r\n\r\n<p><strong>स्वीट कॉर्न</strong>: जो कि अमेरिकी में सबसे अधिक खाया जाता है, एक आनुवंशिक भिन्नता है जो गुठली में अधिक चीनी और कम स्टार्च जमा करता है; यह आमतौर पर फील्ड कॉर्न से छोटा होता है।</p>\r\n\r\n<p><strong>बेबी कॉर्न</strong>: लोकप्रिय एशियाई भोजन में उपयोग किया जाता है,।</p>\r\n\r\n<p><strong>पॉपकॉर्न</strong>: मक्का की गुठली की &quot;पॉप&quot; और हीटिंग पर विस्तार करने की क्षमता भी मूल अमेरिकियों द्वारा खोजी गई थी। मक्का पॉप करने में सक्षम है, क्योंकि अन्य अनाजों के विपरीत, इसकी गुठली में एक कठिन नमी-सील पतवार और एक घने स्टार्च भरा होता है। गरम&nbsp;होने पर, दबाव कर्नेल के अंदर एक विस्फोटक &quot;पॉप&quot; परिणाम होने तक बनता है, और स्टार्च फैलता है और फिर कूलर हवा में कठोर हो जाता है। कई मक्के की किस्में पॉप होंगी, लेकिन कुछ किस्मों को विशेष रूप से इस उद्देश्य के लिए उगाया गया है।</p>\r\n\r\n<p>भारतीय मकई मूल रूप से उस शब्द पर लागू किया गया था जिसे अब हम मक्का या मकई के रूप में जानते हैं, इसे उस समय के सभी अनाज के लिए इस्तेमाल किए गए &quot;मकई&quot; यूरोपीय लोगों के सामान्य शब्द से अलग करने के लिए। अब, यह आमतौर पर किसी भी मकई को संदर्भित करता है जिसमें अलग-अलग रंग की गुठली होती है। आमतौर पर यह सूख जाता है और सजावटी उद्देश्यों के लिए उपयोग किया जाता है।</p>\r\n\r\n<p><strong>अच्छे उत्पादन के लिये कुछ बाते</strong>&nbsp;</p>\r\n\r\n<p>मक्का की खेती विभिन्न प्रकार की जलवायु में की जा सकती है, लेकिन मक्का की वृद्धि, विकास और उपज गरम&nbsp;क्षेत्रों में अधिक पाई जाती है। यह गरम मौसम की फसल है। इसके जमाव के लिए रात और दिन का तापमान अधिक होना चाहिए। मक्का की फसल को शुरू से ही मिट्टी में पर्याप्त नमी की आवश्यकता होती है। विकास के लिए 18 से 23 0C&nbsp;और 28 0C&nbsp;के तापमान को वृद्धि और विकास के लिए अच्छा माना जाता है।</p>\r\n\r\n<p>मक्का को सभी प्रकार की मिट्टी में उगाया जा सकता है। लेकिन मक्का, दोमट और मध्यम से अच्छी वृद्धि और उत्पादकता के लिए भारी मात्रा में बैक्टीरिया और उचित जल निकासी है।</p>\r\n\r\n<p><strong>उत्पादन कम हाेने के कारण</strong></p>\r\n\r\n<p><strong>लीफ स्पॉट</strong>: लेसियन भूरे या भूरे से भूरे रंग के होते हैं, लंबे, संकीर्ण और आयताकार होते हैं, जो कि शिराओं द्वारा विशिष्ट रूप से प्रतिबंधित होते हैं। घाव पत्तों को मारने वाले अनियमित हाशिये के साथ बड़े ग्रे ब्लाट बनाने का विलय कर सकते हैं। ऊपर की ओर बढ़ने वाली निचली पत्तियों पर शुरू होता है</p>\r\n\r\n<p><strong>फेज़ोस्फेयरिया लीफ स्पॉट</strong>: हर्बिसाइड क्षति के समान, गहरे भूरे रंग के हाशिए के साथ परिपत्र या अंडाकार नेक्रोटिक घाव, प्रक्षालित और सूख जाता है। घाव पूरे पत्ता को सहला सकते हैं और उड़ा सकते हैं, घावों के भीतर काली फफूंद से भरे शरीर विकसित होते हैं उत्तरी मकई का पत्ता ब्लाइट लंबे, अण्डाकार, भूरे-हरे या तन के घावों की लंबाई 2.5 से 15 सेमी तक होती है जो पहले निचले पत्तों पर विकसित होते हैं। गंभीर संक्रमण के कारण समय से पहले मौत और ग्रे रंग दिखाई देता है जो ठंढ या सूखे चोट के जैसा होता है</p>\r\n\r\n<p><strong>उत्तरी मकई का पत्ता स्पॉट</strong>: उनके भीतर कंकरीट क्षेत्रों के साथ परिपत्र या अंडाकार पर्ण घावों का उत्पादन करता है। इन घावों के पत्तों, म्यान और भूसी पर लाल-भूरे रंग की उपस्थिति हो सकती है। संक्रमित गुठली एक काले, महसूस किए जाने वाले साँचे को विकसित कर सकती है</p>\r\n\r\n<p><strong>आम जंग</strong>: ऊपरी और निचली पत्ती वाली दोनों सतहों पर भूरे से ईंट-लाल मूसल के लिए भूरे रंग का उत्पादन करता है, जबकि दक्षिणी जंग में मुख्य रूप से ऊपरी पत्ती की सतह पर हल्के-भूरे रंग के गुच्छे होते हैं। आम जंग द्वारा उत्पादित pustules दक्षिणी जंग द्वारा उत्पादित की तुलना में कम घनी होती हैं। घावों के आसपास टूटे हुए एपिडरमल लीफ टिशू की उपस्थिति ग्रे पत्ती वाले स्थान से आम जंग को अलग करने में मदद कर सकती है।</p>\r\n\r\n<p><strong>आईसपॉट</strong>: कई, अंडाकार धब्बों के लिए, व्यास में diameter सेमी तक, तन के साथ क्रीम सेंटर तक, भूरे रंग के बैंगनी मार्जिन तक, और पत्तियों पर पीले रंग के प्रभामंडल से घिरा हुआ। ऊपरी पत्तियाँ झड़ सकती हैं और समय से पहले मर सकती हैं, ज़ोन या पैच में मौसम में जल्दी या देर से विकसित हो सकती हैं</p>\r\n', NULL, 7, NULL, 'description', 1),
(62, '<p>जौ घास परिवार का एक सदस्य, विश्व स्तर पर समशीतोष्ण जलवायु में उगाया जाने वाला एक प्रमुख अनाज अनाज है। यह पहली खेती वाले अनाज में से एक था, खासकर यूरेशिया में 10,000 साल पहले। जौ का उपयोग जानवरों के चारे के रूप में किया गया है, बीयर और कुछ आसुत पेय पदार्थों के लिए किण्वनीय सामग्री के स्रोत के रूप में, और विभिन्न स्वास्थ्य खाद्य पदार्थों के घटक के रूप में। इसका उपयोग सूप और स्टॉज में, और विभिन्न संस्कृतियों की जौ की रोटी में किया जाता है। जौ के दाने आमतौर पर माल्ट में पारंपरिक और प्राचीन तरीके से तैयार किए जाते हैं।</p>\r\n\r\n<p><strong>जौ की कुछ किस्म आमतौर पर पायी जाती है।</strong></p>\r\n\r\n<p><strong>गुच्छे (गुच्छे वाली जौ)</strong>: जैसे लुढ़के हुए जौ के समान होते हैं, जौ के गुच्छे दाने होते हैं जिन्हें चपटा किया जाता है। वे आमतौर पर पकाया जाता है और गर्म अनाज के रूप में पेश किया जाता है, लेकिन उन्हें मूसली और पके हुए माल में भी मिलाया जा सकता है।</p>\r\n\r\n<p><strong>आटा</strong>: जौ का आटा एक हल्के स्वाद का आटा होता है जो जौ के दाने से बनाया जाता है। इसमें लस की एक मध्यम मात्रा होती है, हालांकि अधिकांश पके हुए खाद्य पदार्थों के लिए संरचना प्रदान करने के लिए पर्याप्त नहीं है।</p>\r\n\r\n<p><strong>Hulled</strong>: जौ का यह रूप अन्य प्रकार के रूप में व्यापक रूप से उपलब्ध नहीं है, लेकिन इसकी बेहतर पोषक तत्व सामग्री इसे प्राप्त करने के लायक बनाती है। केवल बाहरी, अखाद्य भूसी - जिसे स्पाइकलेट कहा जाता है - को हटा दिया जाता है, और चोकर को नहीं। इस प्रकार, पतवार जौ आहार फाइबर में समृद्ध है। इसमें मोती जौ की तुलना में अधिक लोहा और ट्रेस खनिज शामिल हैं, और थियामिन से चार गुना से अधिक है। अनाज भूरे रंग के होते हैं, और उन्हें मोती जौ की तुलना में पकाने में अधिक समय लगता है। Hulled जौ में एक स्पष्ट स्वाद होता है, जो इसे हार्दिक, देश-शैली सूप और स्ट्यू में एक आकर्षक घटक बनाता है।</p>\r\n\r\n<p><strong>पास्ता</strong>: जौ पास्ता आज बाजार में उपलब्ध कई पास्ता किस्मों में से एक है। जौ का फूल जौ के आटे से बना थोड़ा पौष्टिक स्वाद वाला पास्ता है।</p>\r\n\r\n<p><strong>मोती (नाशपाती जौ)</strong>: इन समान, हाथी दांत के रंग के दानों का उत्पादन करने के लिए, जौ के दानों को उनके दोहरे बाहरी भूसी और उनकी चोकर की परत को पूरी तरह से हटाने के लिए मिलिंग के दौरान छः बार कुल्ला किया जाता है। दुर्भाग्य से, सफेद चावल की तरह, यह प्रक्रिया पोषक तत्वों को भी हटा देती है। हालाँकि पूरी तरह से पिसाई से अनाज के पकने का समय काफी कम हो जाता है। पर्ल जौ में एक स्वादिष्ट पौष्टिक स्वाद होता है जो सूप, सलाद और साइड डिश में अपने साथी सामग्री के स्वाद को आसानी से अवशोषित करता है।</p>\r\n\r\n<p><strong>पॉट जौ (स्कॉच जौ)</strong>: मोती की तुलना में एक कम-परिष्कृत संस्करण, पॉट जौ को केवल तीन बार पिघलाया जाता है, ताकि चोकर परत का हिस्सा बना रहे। यह आमतौर पर सूप और स्ट्यू में जोड़ा जाता है। हालांकि अधिक से अधिक सुपरमार्केट इस फॉर्म को ले जाते हैं, यह स्वास्थ्य खाद्य भंडार में पाए जाने की सबसे अधिक संभावना है।</p>\r\n\r\n<p><strong>क्विक-कुकिंग जौ</strong>: कभी-कभी इंस्टेंट जौ के रूप में बेचा जाता है, इस जौ को खाना पकाने के समय में कटौती करने के लिए दबाया गया है ताकि खाना पकाने के समय को लगभग 45 मिनट से नियमित रूप से मोती जौ के लिए केवल 10 मिनट तक काट दिया जा सके।</p>\r\n\r\n<p><strong>अच्छे उत्पादन के लिये कुछ बाते&nbsp;</strong></p>\r\n\r\n<p>जौ को उपोष्णकटिबंधीय जलवायु परिस्थितियों में उगाया जा सकता है। फसल को बढ़ती अवधि के दौरान लगभग 12-15 0C और परिपक्वता के समय लगभग 30 0C की आवश्यकता होती है। यह वृद्धि के किसी भी चरण में ठंढ को सहन नहीं कर सकता है फसल में सूखे आौर सोङिक परिस्थितियों के लिए बहुत अधिक सहिष्णुता होती है। जौ को तीन अलग-अलग प्रकार के मिट्टी समूहों में उगाया जा रहा है, मुख्यतः सैंडी लोम, दोमट और मध्यम और भारी काली मिट्टी। नमकीन प्रतिक्रिया और मध्यम उर्वरता के लिए तटस्थ होने वाले इंडो-गंगा के मैदानी इलाकों की मध्यम से भारी दोमट मिट्टी सैंडी जौ की खेती के लिए सबसे उपयुक्त प्रकार है। हालांकि, यह मिट्टी के प्रकार, अर्थात, खारा, सोडिक और हल्की मिट्टी पर उगाया जा सकता है। जौ की खेती के लिए अम्लीय मिट्टी फिट नहीं है, जैसे कि।</p>\r\n\r\n<p><strong>उत्पादन कम हाेने के कारण</strong></p>\r\n\r\n<p><strong>बैक्टीरियल</strong>: पत्ते पर पानी के धब्बे; मृत पत्तियों को सिकोड़ना; चमकदार पीले या भूरे रंग की धारियाँ; पौधे का विकास धीमा दिखाई देता है।</p>\r\n\r\n<p><strong>वायरल</strong>: अंकुर पत्तियों पर छोटे पीले धब्बे; शीर्ष करने से पहले पत्ती ब्लेड के साथ तन की धारियों को पीला; धारियों पर लाल मार्जिन; रोगग्रस्त ऊतक की मृत्यु; सिर नहीं उभर रहे; पौधों का फटना।</p>\r\n\r\n<p><strong>जौ पीला बौना</strong>: पौधों की बढ़ती वृद्धि; पत्ती टिप, पत्ती मार्जिन या पत्ती ब्लेड पर पीले हरे रंग के धब्बे; चमकीले पीले, लाल या बैंगनी रंग के पत्ते।</p>\r\n\r\n<p><strong>फफूंद</strong>: तने तक फैली पत्तियों पर भूरे रंग के घाव; सूखे जैसा दिखता है; निचले पत्तों की मौत; सड़ने वाली जड़ें।</p>\r\n\r\n<p><strong>कोमल फफूंदी</strong>: बौना और / या विकृत पौधे; ध्वज के पत्ते पीले; चमड़े के पत्ते; सिर विकृत; बीज नहीं बना।</p>\r\n', NULL, 1, NULL, 'description', 1),
(63, '<p>करेला एक महत्वपूर्ण वनस्पति फसल है और इसके अपरिपक्व कंद वाले फलों के लिए उगाया जाता है, जिसमें एक कड़वा स्वाद होता है। फलों को विटामिन और खनिजों का एक समृद्ध स्रोत माना जाता है और प्रति 100 ग्राम 88 मिलीग्राम विटामिन सी। फलों को पकाने के बाद इस्तेमाल किया जाता है और स्टफिंग और तलने के बाद स्वादिष्ट तैयारी की जाती है। बाजार में ग्लूट की अवधि के दौरान, फलों को कटा हुआ होता है, आंशिक रूप से नमक के साथ उबला जाता है और सीधे सूर्य के प्रकाश के तहत सूख जाता है और महीनों तक संग्रहीत किया जाता है। इसका उपयोग तलने के बाद किया जाता है। करेले के फल का औषधीय महत्व है और इसका उपयोग मधुमेह, अस्थमा, रक्त रोगों और गठिया के इलाज के लिए किया जाता है। ताजा करेले का रस पीने की सलाह प्राकृतिक चिकित्सक द्वारा दी जाती है। जंगली करेले की जड़ और तने का उपयोग कई आयुर्वेदिक दवाओं में किया जाता है।</p>\r\n\r\n<p>यह एक सुस्वाद है, गहरे हरे, गहरे लाल रंग के पत्तों और पीले, घने फूलों से लदे हुए थोड़े फजी तने के साथ बेल पर चढ़ते हुए।</p>\r\n\r\n<p><strong>करेल की कुछ किस्म आमतौर पर पायी जाती है।</strong></p>\r\n\r\n<p><strong>Pusa Do Mausmi</strong>: यह स्थानीय संग्रह से एक चयन है, जो वसंत, गर्मी और बरसात के मौसम की खेती के लिए उपयुक्त है। इस किस्म को I.A.R.I, नई दिल्ली द्वारा जारी किया गया है। फल बुआई से लगभग 55 दिनों में खाद्य परिपक्वता तक पहुँच जाते हैं। फल गहरे हरे, लंबे, मध्यम मोटे, 7-8 निरंतर लकीरों के आकार वाले क्लब, खाद्य अवस्था में 18 सेमी लंबे और 8-10 फलों का वजन लगभग एक किलोग्राम होता है।</p>\r\n\r\n<p><strong>Pusa Vishesh</strong>: इस किस्म को I.A.R.I, नई दिल्ली द्वारा ग्रीष्म ऋतु की फसल के रूप में खेती के लिए जारी और अनुशंसित किया गया है। बेल बौनी और झाड़ीदार है और प्रबंधन में आसान है। फल आकर्षक हरे रंग के होते हैं, सतह पर कई अनियमित टूटी चिकनी और चमकदार लकीरें होती हैं। वे मध्यम लंबे और मोटे होते हैं। यह परिपक्वता की शुरुआत में है और बुवाई के बाद फसल आने में लगभग 55 दिन लगते हैं।</p>\r\n\r\n<p><strong>Arka Harit:</strong> यह IIHR, बैंगलोर द्वारा जारी किया गया है। इसमें मध्यम आकार, हरे रंग की त्वचा, मोटे मांस, मध्यम कड़वाहट और कम संख्या में बीज के साथ धुरी के आकार के फल होते हैं। यह गर्मी और बरसात दोनों मौसमों में अच्छी तरह से बढ़ता है लेकिन बरसात के मौसम में अधिकतम उपज प्राप्त की जाती है। परागण के बाद 12-14 दिनों में फल कटाई के लिए तैयार हो जाते हैं। यह 100-110 दिनों की अवधि में प्रति हेक्टेयर लगभग 120 क्विंटल फल देता है।</p>\r\n\r\n<p><strong>एमडीवी</strong>: एल: यह एक लंबी फलदार और अधिक उपज देने वाली करेला किस्म है। यह मध्यम शाखाओं में बंटी और जल्दी फूलने वाली किस्म है। बेल में प्रति पौधे लगभग 20-25 फल लगते हैं और प्रति हेक्टेयर उपज लगभग 250 क्विंटल होती है।</p>\r\n\r\n<p><strong>कोयम्बटूर लोंग</strong>: यह किस्म कृषि अनुसंधान संस्थान, कोयंबटूर द्वारा जारी की गई है। फल लंबे, कोमल और सफेद रंग के होते हैं। यह किस्म बरसात के मौसम के लिए उपयुक्त है। बेलें विपुल और भारी होती हैं।</p>\r\n\r\n<p><strong>वीके- I (प्रिया):</strong> यह केरल कृषि विश्वविद्यालय से एक चयन है। फल अतिरिक्त लंबे (लगभग 39 सेमी लंबे) होते हैं। बुवाई से पहली फसल तक लगभग 60 दिन लगते हैं। औसतन, प्रति पौधे 55 फल हैं।</p>\r\n\r\n<p><strong>अच्छे उत्पादन के लिये कुछ बाते</strong></p>\r\n\r\n<p>यह एक गर्म मौसम की फसल है जो मुख्य रूप से उप-उष्णकटिबंधीय और गर्म-शुष्क क्षेत्रों में उगाई जाती है। वे हल्के ठंढ के लिए अतिसंवेदनशील होते हैं और सर्दियों के महीनों के दौरान उगाए जाने पर आंशिक सुरक्षा प्रदान की जाती है। 24-27 0C की तापमान सीमा को बेलों की वृद्धि के लिए इष्टतम माना जाता है। बीज सबसे अच्छा उगता है जब तापमान 18 0C से अधिक होता है। वानस्पतिक वृद्धि के समय उच्च आर्द्रता फसल को विभिन्न फफूंद रोगों के लिए अतिसंवेदनशील बना देती है।</p>\r\n\r\n<p>करेले को रेतीले दोमट के लिए अच्छी तरह से सूखा रेतीले पर उगाया जा सकता है; मध्यम काली मिट्टी कार्बनिक पदार्थों से समृद्ध है। नदी के किनारों के साथ जलोढ़ मिट्टी भी करेले के उत्पादन के लिए अच्छी है। 6.0- 7.0 की एक पीएच रेंज को इष्टतम माना जाता है।</p>\r\n\r\n<p><strong>उत्पादन कम हाेने के कारण</strong></p>\r\n\r\n<p><strong>पाउडर की तरह फफूंदी</strong>: पाउडी मिल्ड्यू (स्पैरोथेका फुलिगाइन): यह रोग उच्च आर्द्रता का पक्षधर है और सबसे पहले प्राकृतिक जल पर होता है। लक्षण मुख्य रूप से ऊपरी पत्ती की सतह पर सफेद पाउडर अवशेषों के रूप में दिखाई देते हैं। पत्तियों की निचली सतह पर गोलाकार पैच या धब्बे दिखाई देते हैं। गंभीर मामलों में, ये फैलते हैं, पत्तों की दोनों सतहों को ढँक लेते हैं और पेटीओल्स, स्टेम इत्यादि में भी फैल जाते हैं। गंभीर रूप से हमला करने वाली पत्तियाँ भूरे रंग की हो जाती हैं और सिकुड़ जाती हैं और मलत्याग हो सकता है। प्रभावित पौधों के फल पूरी तरह से विकसित नहीं होते हैं और छोटे रहते हैं।</p>\r\n\r\n<p><strong>कोमल फफूंदी</strong>: डाउनी फफूंदी कवक Pududoperonospora cubensis के कारण होता है। यह उच्च आर्द्रता वाले क्षेत्रों में प्रचलित है, खासकर जब गर्मियों की बारिश नियमित रूप से होती है। इस रोग को सबसे पहले पत्तियों की ऊपरी सतह पर पीले कोणीय धब्बों के रूप में देखा जाता है। उच्च आर्द्रता की शर्तों के तहत, पत्तियों की निचली सतह पर सफेदी पाउडर की वृद्धि दिखाई देती है। रोग तेजी से मलिनकिरण के माध्यम से तेजी से पौधे को मारने से फैलता है।</p>\r\n\r\n<p><strong>कड़वा लौकी मोज़ेक</strong>: यह विषाणु रोग ज्यादातर पत्तियों पर लगे पौधों के द्वितीयक शाखाओं में पत्तियों पर दिखने वाले लक्षणों तक ही सीमित रहता है। पत्तियों पर छोटे अनियमित पीले रंग के पैच दिखाई देते हैं। कुछ पत्तियां पत्ती के एक या दो पालियों में नस साफ करती हैं और गंभीर रूप से संक्रमित पौधे पत्ती के आकार और बढ़ाव में कमी और / या एक या दो पालियों का दमन दिखाते हैं। युवा विकासशील पत्ते पूरी तरह से विकृत होते हैं और उनके आकार में काफी कमी के साथ विकृत हो जाते हैं। पत्तियों में से कुछ लामिना के विकास में कमी को दर्शाते हैं जिसके परिणामस्वरूप एक जूता-स्ट्रिंग प्रभाव होता है। वायरस एफिड्स की पांच प्रजातियों द्वारा फैलता है।</p>\r\n', NULL, 3, NULL, 'description', 1),
(65, '<p>खीरा लौकी परिवार,में व्यापक रूप से उगाया जाने वाला पौधा है। यह एक रेंगने वाली बेल है जो सब्जियों के रूप में इस्तेमाल होने वाले खीरे के फल को सहन करती है। ककड़ी की तीन मुख्य किस्में हैं: स्लाइसिंग, अचार और बीज रहित। इन किस्मों के भीतर, कई खेती की गई है। ककड़ी मूल रूप से दक्षिण एशिया की है, लेकिन अब अधिकांश महाद्वीपों पर बढ़ती है। वैश्विक बाजार में कई अलग-अलग प्रकार के खीरे का कारोबार किया जाता है।</p>\r\n\r\n<p>खीरा एक रेंगने वाली लता है जो जमीन में जड़ें जमाती है और ऊपर की ओर पतली, सर्पिलिंग टेंड्रल्स के साथ लपेटती हुई ट्रेलाइज़ या अन्य सहायक तंतुओं को पकड़ती है। और समर्थन नहीं होने पर फैल जाती है। बेल की बड़ी पत्तियाँ होती हैं जो फलों के ऊपर छाव बनाती हैं। ककड़ी की विशिष्ट खेती का फल मोटे तौर पर बेलनाकार होता है, लेकिन पतला सिरों पर आौर लम्बा होता है। वानस्पतिक रूप से, ककड़ी को पेपो के रूप में वर्गीकृत किया जाता है, एक कठोर बाहरी छाल के साथ वनस्पति बेरी का एक प्रकार और कोई आंतरिक विभाजन नहीं है। हालांकि, टमाटर और स्क्वैश की तरह, यह अक्सर माना जाता है, सब्जी के रूप में तैयार और खाया जाता है। खीरे के फलों में 95% पानी होता है</p>\r\n\r\n<p><strong>अच्छे उत्पादन के लिये कुछ बाते</strong></p>\r\n\r\n<p>तापमान 25-35 0C, वर्षा 120-150mm, बुवाई का तापमान 22-30 0C, कटाई का तापमान 30-35 0C ॥</p>\r\n\r\n<p>यह विभिन्न प्रकार की मिट्टी में बोया जा सकता है जिसमें रेतीले दोमट से लेकर भारी मिट्टी तक होती है। लेकिन एक दोमट मिट्टी जो कार्बनिक पदार्थों से भरपूर होती है और इसमें अच्छी तरह से जल निकासी की व्यवस्था होती है जो ककड़ी की खेती के लिए सबसे अच्छी है। 6-7 से लेकर पीएच ककड़ी की खेती के लिए सबसे उपयुक्त है।</p>\r\n\r\n<p>खीरा की कुछ किस्म आमतौर पर पायी जाती है।</p>\r\n\r\n<p><strong>ब्रिस्टल seminis_bristol:</strong> प्रारंभिक परिपक्वता, दूसरी पीढ़ी की ककड़ी हाइब्रिड जिसमें समग्र महान फल की गुणवत्ता, आकृति और रंग अधिक संख्या में फैंसी फल होते हैं।</p>\r\n\r\n<p><strong>सेंटेला एफ 1</strong>: सभी क्षेत्रों मे उत्पादन किया जा सकता है॥ उच्च गुणवत्ता वाले फल, स्त्रीरोगों, गहरे हरे-हरे रंग में एक ताजा क्षेत्र में उगाया हुआ, सीधा और बेलनाकार आकार॥</p>\r\n\r\n<p><strong>कोरिन्टो</strong> : व्यापक रूप से अनुकूलित। क्षेत्र या ग्रीनहाउस उत्पादन के लिए उपयुक्त है। Gynoecious और parthenocarpic। अत्यधिक जोरदार पौधे। थोड़ा पतला त्वचा खाने की गुणवत्ता में सुधार करता है लेकिन फिर भी चोट से निपटने के लिए पर्याप्त सुरक्षा प्रदान करता है। केवल जैविक बीज के रूप में उपलब्ध है</p>\r\n\r\n<p><strong>मैक्स पैक</strong>: ककड़ी को एक गहरे रंग, एक समान आकार और एक उत्तम दर्जे की उपस्थिति के साथ चुनना</p>\r\n\r\n<p><strong>पायथन</strong>: &nbsp;दक्षिण, उत्तर, मिडवेस्ट क्षेत्र मे उपयोग होती हे॥ लगातार प्रदर्शन, मजबूत पैदावार, और उच्च गुणवत्ता वाले फल। फल कम पीले पेट के साथ गहरे-हरे रंग को बनाए रखता है</p>\r\n\r\n<p><strong>उत्पादन कम हाेने के कारण</strong></p>\r\n\r\n<p>फफूंद: एक पीले या हरे प्रभामंडल के साथ छोटे, पीले-भूरे रंग के धब्बे जो पहले सबसे पुराने पत्तों पर दिखाई देते हैं; जैसा कि रोग बढ़ता है, घावों का विस्तार होता है और बड़े नेक्रोटिक पैच बन जाते हैं, अक्सर संकेंद्रित पैटर्न के साथ; घावों की परत, पत्तियां कर्ल करने लगती हैं और अंत में मर जाती हैं।</p>\r\n\r\n<p><strong>anthracnose</strong>: पत्तियों, पेटीओल्स, तनों और / या फलों पर पत्तियों पर पीले किनारों के साथ भूरे रंग के गोलाकार घाव; प्रतिरोधी किस्मों पर घाव हरे किनारों के साथ तन दिखाई देते हैं; घाव सूख जाते हैं और पत्तियों से निकल जाते हैं।</p>\r\n\r\n<p><strong>बेली रोट (फ्रूट रोट, डंपिंग-ऑफ)</strong>: फल पर पीला / भूरा मलिनकिरण; पानी मिट्टी के संपर्क में फल की तरफ लथपथ स्पॉट; सड़ने वाले क्षेत्रों पर उगने वाला भूरा साँचा; रोपाई का पतन।</p>\r\n\r\n<p><strong>सर्कोस्पोरा पत्ती स्थान</strong>: रोग के प्रारंभिक लक्षण पुराने पत्तियों पर छोटे भूरे रंग के केंद्रों के साथ छोटे धब्बों के रूप में होते हैं; जैसे-जैसे बीमारी बढ़ती है, घाव पत्ती की सतह के बड़े क्षेत्रों को ढंकते हैं; घावों में एक अंधेरी सीमा हो सकती है और एक क्लोरोटिक क्षेत्र से घिरा हो सकता है; घावों के केंद्र भंगुर और दरार हो सकते हैं।</p>\r\n\r\n<p><strong>कोमल फफूंदी</strong>: पत्तियों के नीचे के हिस्से पर फूली हुई पर्पलिश फफूंदी; पत्तियों के ऊपरी तरफ पीले धब्बे।</p>\r\n\r\n<p><strong>चिपचिपा स्टेम ब्लाट (बेल में गिरावट, जीएसबी)</strong>: पत्तियों की नसों के बीच ग्रे / हरा घाव; तने या भूरे रंग के घाव।</p>\r\n\r\n<p>पाउडर की तरह फफूंदी: पत्तियों, उपजी और फलों की ऊपरी सतहों पर सफेद पाउडर के धब्बे दिखाई देते हैं। रोग की प्रगति के रूप में, सफेद कवक के विकास में पूरे पत्ते और तने शामिल होते हैं। संक्रमित पत्तियां पीली, विकृत हो जाती हैं और समय से पहले गिर सकती हैं।</p>\r\n', NULL, 5, NULL, 'description', 1),
(67, '<p>मूंगफली व्यापक रूप से उष्णकटिबंधीय और उपोष्णकटिबंधीय में उगाई जाती है, जो छोटे और बड़े वाणिज्यिक उत्पादकों दोनों के लिए महत्वपूर्ण है। यह एक अनाज की फलियों के रूप में वर्गीकृत किया जाता है और, इसकी उच्च तेल सामग्री, एक तेल फसल के कारण। मूंगफली की फली जमीन के बजाय भूमिगत (जियोकार्पी) विकसित करती है।</p>\r\n\r\n<p>मूंगफली को कई अन्य स्थानीय नामों से जाना जाता है, जैसे बकरी के मटर, अजवाइन नट और सुअर नट । अपने नाम और उपस्थिति के बावजूद, मूंगफली एक अखरोट नहीं है, बल्कि एक फलियां है।</p>\r\n\r\n<p><strong>मूंगफली की कुछ किस्म आमतौर पर पायी जाती है।</strong></p>\r\n\r\n<p><strong>गिरनार -2</strong>: उच्च इनपुट उपयोग के साथ एक वर्जीनिया गुच्छा किस्म में व्यावसायिक खेती के लिए जारी की गई |&nbsp;</p>\r\n\r\n<p><strong>राज मुंगफली 3 (आरजी 559-3)</strong>: राज मुंगफली 3 (आरजी 559) उच्च उपज वाली वर्जीनिया मूंगफली की किस्म है।</p>\r\n\r\n<p><strong>अच्छे उत्पादन के लिये कुछ बाते</strong>&nbsp;</p>\r\n\r\n<p>फसल को 500 मिमी की न्यूनतम वर्षा और 1,250 मिमी की अधिकतम वर्षा वाले स्थानों में सफलतापूर्वक उगाया जा सकता है। फसल के फूल और पेगिंग के दौरान वर्षा को अच्छी तरह से वितरित किया जाना चाहिए। मूंगफली ठंढ, लंबे और गंभीर सूखे या पानी के ठहराव को बर्दाश्त नहीं कर सकती।</p>\r\n\r\n<p>यह फसल रेतीली दोमट और दोमट मिट्टी और अच्छी जल निकासी वाली काली मिट्टी में सबसे अच्छी होती है। मूंगफली की खेती के लिए भारी और कड़ी मिट्टी अनुपयुक्त होती है क्योंकि इन मिट्टी में फली का विकास बाधित होता है।</p>\r\n\r\n<p><strong>उत्पादन कम हाेने के कारण</strong></p>\r\n\r\n<p><strong>फफूंद</strong>: पत्ते की ऊपरी सतह पर कई धब्बे; पूरे सतत या असतत भागों विल्ट हो सकते हैं फली और उपजी फंगल स्केलेरोटिया में कवर हो जाते हैं।</p>\r\n\r\n<p><strong>चारकोल सड़ांध</strong>: मिट्टी की रेखा के करीब अंकुरों के तने पर पानी के घाव; घाव करधनी स्टेम और अंकुर को मारने; समान क्षेत्र में घाव पुराने पौधों में मौजूद हो सकते हैं; घाव शुरू में पानी से लथपथ होते हैं लेकिन भूरे रंग के होते हैं; यदि घाव तने को घिसते हैं, तो पौधे की गिल्टियाँ और शाखाएँ मर जाती हैं; जड़ों में शुरू होने वाले संक्रमण के कारण पत्तियां पीली और विल्ट हो जाती हैं और तनों को धुंधला कर देती हैं।</p>\r\n\r\n<p><strong>बेलनाकार काले सड़ांध</strong>: मुख्य स्टेम पर ले जाता है जो क्लोरोटिक और विलिंग को मोड़ते हैं; जब पूरी तरह से उच्च नमी के बाद पानी के तनाव की अवधि होती है, तो पूरा पौधे को बहुत तेजी से नष्ट हो जाता है; लाल-भूरे रंग के कवक निकायों के गुच्छे तने, खूंटे और फली पर होते हैं; जड़ें नष्ट; जड़ें काली और सिकुड़ गई।</p>\r\n\r\n<p><strong>Early leaf spot</strong>: पत्ती के पेटीओल्स, तने और खूंटे पर छोटे क्लोरोटिक निकलते हैं जो बड़े होकर रंग में बदल जाते हैं; पत्तियों की ऊपरी सतह पर घावों में आमतौर पर पीले प्रभामंडल होते हैं और पत्तियों के नीचे भूरा भूरा होता है।</p>\r\n\r\n<p><strong>कीड़े</strong>: पत्ते के आकार में अनियमित आकार के छेदों के लिए एकवचन, या बारीकी से वर्गीकृत परिपत्र; युवा लार्वा द्वारा भारी भोजन कंकालित पत्तियों की ओर जाता है; फल पर उथले, सूखे घाव; 50-150 अंडे के अंडे के गुच्छे पत्तियों पर मौजूद हो सकते हैं; अंडे के गुच्छे एक सफ़ेद पैमाने में ढंके होते हैं जो क्लस्टर को एक झक्की या फजी रूप देता है; युवा लार्वा हल्के पीले रंग में पीले रंग के होते हैं जबकि पुराने लार्वा आमतौर पर गहरे हरे और हल्के रंग के होते हैं जो उनके शरीर के किनारे और एक गुलाबी या पीले रंग के नीचे की तरफ दौड़ते हैं।<br />\r\n&nbsp;</p>\r\n', NULL, 6, NULL, 'description', 1),
(68, '<p>कपास एक प्राकृतिक, मुलायम फाइबर है जो कपास के पौधे के बीजों के साथ बढ़ता है। (फाइबर लंबे और पतले बालों की तरह होते हैं।) इसके बाद, कपास के पाौधेा से कपास इकट्ठा किया जाता है, जिससे सूती धागे बनाये जाते है। आौर सूती धागे से कपड़े में बनाया जा सकते है। कपास का उपयोग और कई अन्य चीजों के लिए भी किया जा सकता है। लोग अक्सर सूती कपड़े पहनते हैं, खासकर गरम मौसम में।</p>\r\n\r\n<p>कपास शीतोष्ण, उपोष्णकटिबंधीय और उष्णकटिबंधीय क्षेत्रों में 37 &deg; उत्तर और 30 &deg; दक्षिण के अक्षांशों के बीच और हर महाद्वीप पर उगाया जाता है।</p>\r\n\r\n<p><strong>कपास की कुछ किस्म आमतौर पर पायी जाती है।</strong></p>\r\n\r\n<p><strong>PIMA COTTON:</strong> PIMA को धरती का सबसे अच्छा कपास माना जाता है। अतिरिक्त-लंबे स्टेपल (ईएसएल) कपास के रूप में, इसके लंबे फाइबर इसे अतिरिक्त नरम और अतिरिक्त मजबूत बनाते हैं। परिणाम? शानदार ढंग से चिकना कपड़ा जो भुरभुरा, फाड़, चिलिंग, झुर्रीदार और लुप्त होती के लिए प्रतिरोधी है। यह कोई आश्चर्य नहीं है कि इतने सारे कपड़े शुद्ध पेमा होने का दावा करते हैं। लेकिन हाल ही में एक परीक्षण से पता चला 89% बिल्कुल शुद्ध नहीं हैं। केवल PimaCott सत्यापित करता है कि उसके कपड़ों में शुद्ध pima कपास होता है, गुणवत्ता के लिए आप देख सकते हैं, महसूस कर सकते हैं, और विश्वास कर सकते हैं।</p>\r\n\r\n<p><strong>UPLAND COTTON:</strong> इसकी अपेक्षाकृत कम कपास फाइबर द्वारा विशेषता, अपलैंड गुणवत्ता वाले रोजमर्रा के उत्पादों के उत्पादन के लिए एकदम सही है जो हर कोई खरीद सकता है। यह अमेरिका में कपास का सबसे आम प्रकार है, जो अमेरिकी धरती पर लगाए गए कपास का 95% हिस्सा है। सबसे शुद्ध अपलैंड कपास के लिए, होमग्रो कॉटन चुनें। होमग्रो कॉटन अपने कपास उत्पादों की पुष्टि करता है, इसमें अमेरिकी धरती पर परिश्रमी परिवार के किसानों द्वारा उगाए गए शुद्ध अपलैंड शामिल हैं।</p>\r\n\r\n<p><strong>EGYPTIAN COTTON</strong>: पाइमा pima cotton, मिस्र एक अतिरिक्त लंबा स्टेपल कॉटन है, जो इसे कोमलता, जीवंतता और प्रदर्शन में समान रूप से असाधारण बनाता है। वे एक वैज्ञानिक नाम भी साझा करते हैं! दोनों के बीच एकमात्र अंतर? मिस्र की कपास मिस्र की नील नदी घाटी की गर्म, शुष्क जलवायु में उगाई जाती है। यह असाधारण गुणवत्ता का एक कपास है॥</p>\r\n\r\n<p><strong>ACALA COTTON</strong>: केवल कैलिफ़ोर्निया सैन जोकिन वैली अकाला नामक कपास की एक विशेष किस्म का उत्पादन करता है, जो दुनिया में उच्चतम गुणवत्ता वाले अपलैंड कपास के बीच है। सैन जोकिन घाटी के आदर्श जलवायु और लंबे समय तक बढ़ते मौसम से अकाला कपास को फायदा होता है, जिससे उपज और बेहतर उत्पाद प्राप्त होते हैं। हालांकि, सिंचाई की जरूरतों के कारण, अकाला अन्य अमेरिकी उगाए गए कपास की तुलना में अधिक महंगा हो जाता है।</p>\r\n\r\n<p><strong>अच्छे उत्पादन के लिये कुछ बाते</strong></p>\r\n\r\n<p>तापमान 18 और 30 0C के बीच।<br />\r\nपर्याप्त धूप और काफी शुष्क स्थिति।<br />\r\nअंकुरण और बोले गठन के बीच न्यूनतम 500 मिमी पानी।<br />\r\nअच्छी पोषक तत्वों की सामग्री के साथ गहरी, अच्छी तरह से सूखा मिट्टी।</p>\r\n\r\n<p><strong>उत्पादन कम हाेने के कारण</strong></p>\r\n\r\n<p>कोणीय लीफ स्पॉट या ब्लैक आर्म रोग: छोटे पानी से लथपथ धब्बे, कोटिलेडोन के अंडरस्फेस पर दिखाई देते हैं, जो सूख और मुरझा सकते हैं। पत्तियों पर भी ऐसे धब्बे दिखाई देते हैं। वे शिराओं से बंधे हुए कोणीय हो जाते हैं और भूरे से काले रंग में बदल जाते हैं। कई छोटे धब्बे पड़ सकते हैं। संक्रमित पेटीओल गिर सकता है। तने, पंखुड़ियों और शाखाओं पर काले घावों के लिए लम्बी, धँसी और गहरे भूरे दिखाई देते हैं।</p>\r\n\r\n<p><strong>संवहनी विल्ट रोग:</strong> पीएच 7.6-8.00 के साथ काला सूती मिट्टी के लिए विल्ट प्रतिबंधित है। यह हल्की दोमट मिट्टी में दुर्लभ है। रोग पौधे की वृद्धि के सभी चरणों में प्रकट होता है। अंकुर चरण में, कोटिलेडोन का पीला होना, पेटीओल्स का भूरा होना, मृत्यु के बाद और प्रभावित पत्तियों का गिरना। युवा और वयस्क पौधों में मरोड़, पत्तियों का गिरना और टेंडर शूट, पीलापन, भूरापन और अंत में पौधों की मृत्यु का नुकसान होता है।</p>\r\n\r\n<p><strong>ग्रे हल्के या दहिया रोग</strong>: कवक आमतौर पर कोणीय, पीला, पारभासी धब्बों के लिए अनियमित पत्तियों के कारण पुरानी पत्तियों पर हमला करता है। वे आमतौर पर शिराओं द्वारा प्रतिबंधित होते हैं और ज्यादातर पत्ती की निचली सतह पर दिखाई देते हैं, हालांकि कभी-कभी ऊपरी सतह पर। एक पत्ती पर कुछ सौ से अधिक धब्बे पाए जा सकते हैं। गंभीर संक्रमण में पत्तियां पीली-भूरी हो जाती हैं और समय से पहले गिर जाती हैं।</p>\r\n\r\n<p><strong>एन्थ्रेक्नोज रोग</strong>: आकुर के चरण में, छोटे और लाल रंग के गोलाकार धब्बेदार कोटिलेन्स और प्राथमिक पत्तियों पर दिखाई देते हैं। जब घाव कॉलर क्षेत्र पर होते हैं, तो स्टेम को कमरबंद किया जा सकता है, जिससे रोपाई विल्ट हो जाती है और मर जाती है। परिपक्व पौधों में, कवक स्टेम पर हमला करता है, जिससे यह छाल को विभाजित कर देता है।</p>\r\n\r\n<p>लक्षण पानी पर लथपथ, गोलाकार, थोड़ा धँसा हुआ लाल-भूरे रंग के धब्बे के रूप में प्रमुख हैं, जो काले रंग में बदल जाते हैं। बोल संक्रमण के परिणामस्वरूप, वे समय से पहले खुलते हैं। एक प्रकार का वृक्ष दागदार, कठोर और संकुचित हो जाता है।</p>\r\n\r\n<p><strong>जड़ सड़न रोग</strong>: क्षण अंकुर के चरण में दिखाई दे सकते हैं, जहां कोटलियनों पर भूरे धब्बे दिखाई देते हैं। कॉलर क्षेत्र में भूरापन होता है, जो नीचे की ओर बढ़ सकता है। रेशेदार जड़ें सड़ जाती हैं। जड़ों की छाल सड़ने और छिलने को दर्शाती है। प्रभावित पौधों को आसानी से बाहर निकाला जा सकता है। रोग क्षेत्र में पैच में दिखाई देता है।</p>\r\n\r\n<p><strong>बोल रोट रोग:</strong> रारंभ में, रोग छोटे भूरे या काले डॉट्स के रूप में प्रकट होता है जो बाद में पूरे गुच्छों को ढंकने के लिए बढ़ जाता है। संक्रमण आंतरिक ऊतकों में फैलता है और बीजों और लिंट का सड़ना होता है। गोलियां कभी भी नहीं फटती हैं और समय से पहले गिर जाती हैं।</p>\r\n\r\n<p>कुछ मामलों में, सड़ांध बाहरी हो सकती है, जिससे पेरिकार्प का सड़ना आंतरिक ऊतकों को मुक्त कर सकता है। प्रभावित टोलियों पर, कवक के फलने वाले शरीर की एक बड़ी संख्या में शामिल कवक की प्रकृति के आधार पर मनाया जाता है।</p>\r\n\r\n<p><strong>लीफ स्पॉट या ब्लाइट रोग</strong>: यह रोग सभी चरणों में हो सकता है लेकिन अधिक गंभीर तब होता है जब पौधे 45-60 दिन के होते हैं। छोटे, भूरे से भूरे, अनियमित या गोल धब्बे, जो 0.5 से 6 मिमी व्यास के होते हैं, पत्तियों पर दिखाई दे सकते हैं। प्रत्येक स्थान पर संकेंद्रित वलय से घिरा एक केंद्रीय घाव है।</p>\r\n\r\n<p>कई धब्बे मिलकर धुंधले क्षेत्रों का निर्माण करते हैं। प्रभावित पत्तियां भंगुर हो जाती हैं और गिर जाती हैं। कभी-कभी स्टेम घाव भी देखे जाते हैं। गंभीर मामलों में, दरारें और खंभे पर धब्बे दिखाई दे सकते हैं।</p>\r\n', NULL, 4, NULL, 'description', 1),
(69, '<p>बाजरा उच्च चर छोटे बीज वाली घास का एक समूह है, जो व्यापक रूप से चारा और मानव भोजन के लिए अनाज की फसलों या अनाज के रूप में दुनिया भर में उगाया जाता है।</p>\r\n\r\n<p>भारत में बजरा के स्थानीय नाम: बाजरा (हिंदी, उर्दू, पंजाबी) सज्ज (कन्नड़), कंबु (तमिल), कम्बम (माल्यालम), सज्जलु (तेलुगु), बजरी (राजस्थानी, गुजराती और मराठी)।</p>\r\n\r\n<p><strong>बाजरा की कुछ किस्म आमतौर पर पायी जाती है।</strong></p>\r\n\r\n<p><strong>Foxtail millet</strong>: जैसा कि इसे स्वदेशी कहा जाता है, काकुम / कंगनी आमतौर पर सूजी या चावल के आटे के रूप में उपलब्ध है। फॉक्सटेल बाजरा में रक्त-शर्करा संतुलित कार्बोहाइड्रेट होते हैं। इसकी लौह और कैल्शियम सामग्री प्रतिरक्षा को मजबूत करने में भी मदद करती है। और यह आपके रक्त कोलेस्ट्रॉल को विनियमित करने में मदद करता है और आपके शरीर में एचडीएल कोलेस्ट्रॉल के स्तर को बढ़ाता है।</p>\r\n\r\n<p><strong>Finger millet</strong>:ये रागी, चावल और गेहूं के लिए एक स्वास्थ्यप्रद अनाज विकल्प के रूप में उपयोग किया जाता है। बाजरा संस्करण लस मुक्त और प्रोटीन और अमीनो एसिड में समृद्ध है। Finger millet को बढ़ते बच्चों में मस्तिष्क के विकास में सहायता करने वाला माना जाता है।</p>\r\n\r\n<p><strong>Pearl millet</strong>: ये बाजरे अविश्वसनीय रूप से पोषक तत्व-घने होते हैं। इसमें कैल्शियम और मैग्नीशियम, प्रोटीन, फाइबर और आयरन जैसे खनिज होते हैं। मोती बाजरे का रोजाना सेवन आपके स्वास्थ्य के लिए बहुत फायदेमंद हो सकता है, जैसे कि टाइप II डायबिटीज से लड़ने में आपकी मदद करता है।</p>\r\n\r\n<p><strong>Buckwheat</strong>: अगर आप अपना वजन कम करना चाहते हैं तो बाजरे की सब्जी आपको खानी चाहिए। यह मधुमेह रोगियों के लिए एक स्वस्थ भोजन विकल्प बनाता है, निम्न रक्तचाप में मदद करता है और हृदय स्वास्थ्य में सुधार करता है। गोखरू भी पित्त पथरी, बचपन अस्थमा और स्तन कैंसर जैसी बीमारियों से लड़ता है।</p>\r\n\r\n<p><strong>Little millet</strong>: वजन कम करने की चाह रखने वालों के लिए थोड़ा बाजरा भी एक बेहतरीन बाजरा विकल्प है। आप इसे चावल के प्रतिस्थापन के रूप में खा सकते हैं। यह फाइबर में उच्च है और पोटेशियम, जस्ता, लोहा और कैल्शियम जैसे कई खनिजों से भरा है। यह विटामिन बी के स्वास्थ्य लाभों के साथ भी पैक किया जाता है और आपके शरीर के लिए एंटीऑक्सिडेंट के रूप में काम करता है, एक बार सेवन किया जाता है।</p>\r\n\r\n<p><strong>अच्छे उत्पादन के लिये कुछ बाते</strong></p>\r\n\r\n<p>बाजरा की खेती के लिए आवश्यक कृषि-जलवायु: बाजरा शुष्क और गरम जलवायु परिस्थितियों में अच्छी तरह से बढ़ता है और यह सूखा-सहिष्णु फसल है जिसके लिए 40 सेमी से 60 सेमी के बीच कम वार्षिक वर्षा की आवश्यकता होती है। बाजरा की खेती के लिए आदर्श तापमान 20 0C से 30 0C के बीच है। सब्जी उगाने के दौरान नम मौसम फायदेमंद होता है। उत्तर भारत में, बाजरा को खरीफ की फसल के रूप में और कुछ दक्षिणी भागों में ग्रीष्मकालीन फसल के रूप में उगाया जाता है।</p>\r\n\r\n<p>मिट्टी की आवश्यकता: बाजरा को मिट्टी की एक विस्तृत श्रृंखला में उगाया जा सकता है। हालांकि, यह काली कपास की मिट्टी, रेतीली दोमट मिट्टी में सबसे अच्छा पनपता है। यह फसल अम्लीय और जलभराव वाली मिट्टी को पसंद नहीं करती है। खेती के लिए संतृप्त मिट्टी से बचें। यह कम पीएच के साथ मिट्टी में सफलतापूर्वक बढ़ता है। बाजरा आसानी से उस क्षेत्र में उगाया जा सकता है, जहां गेहूं और मक्का जैसी अन्य फसलें नहीं बची होंगी।</p>\r\n\r\n<p><strong>उत्पादन कम हाेने के कारण</strong></p>\r\n\r\n<p>1. ब्लास्ट<br />\r\n2. सीडलिंग ब्लाइट;<br />\r\n3. विल्ट या फुट रोट;<br />\r\n4. सर्कोस्पोरा लीफ स्पॉट;<br />\r\n5. डाउनी मिल्ड्यू या ग्रीन इयर डिजीज;<br />\r\n6. स्मट;<br />\r\n7. डंपिंग-ऑफ।</p>\r\n', NULL, 8, NULL, 'description', 1),
(70, '<p>सरसों का पौधा जेनेरल ब्रासिका और सिनैपिस में परिवार ब्रेशिका में एक पौधे की प्रजाति है। सरसों के बीज का उपयोग मसाले के रूप में किया जाता है। बीज को पानी, सिरका या अन्य तरल पदार्थ के साथ पीसने और मिश्रण करने से तैयार सरसों के रूप में जाना जाने वाला पीला मसाला बनता है। सरसों का तेल बनाने के लिए बीजों को भी दबाया जा सकता है, और खाने योग्य पत्तियों को सरसों के साग के रूप में खाया जा सकता है।</p>\r\n\r\n<p>पूरी तरह से, जमीन, फटा या फटा हुआ सरसों के बीज पानी, सिरका, नींबू का रस, शराब, या अन्य तरल पदार्थ, नमक, और अक्सर अन्य स्वाद और मसालों के साथ मिश्रित होते हैं, जो चमकीले पीले रंग से गहरे रंग तक लेकर एक पेस्ट या सॉस बनाते हैं। भूरे रंग के। सरसों का स्वाद मीठा से लेकर मसालेदार तक होता है।</p>\r\n\r\n<p>आमतौर पर मीट और चीज के साथ जोड़ा जाता है, सरसों को सैंडविच, हैमबर्गर, कॉर्न डॉग और हॉट डॉग के साथ भी जोड़ा जाता है। यह कई ड्रेसिंग, ग्लेज़, सॉस, सूप और मैरिनड्स में एक घटक के रूप में भी उपयोग किया जाता है। क्रीम के रूप में या व्यक्तिगत बीजों के रूप में, सरसों का उपयोग भारत और बांग्लादेश, भूमध्यसागरीय, उत्तरी और दक्षिणपूर्वी यूरोप, एशिया, अमेरिका और अफ्रीका के व्यंजनों में एक मसाला के रूप में किया जाता है, जो इसे सबसे लोकप्रिय और व्यापक रूप से उपयोग किए जाने वाले मसालों में से एक बनाता है और दुनिया में मसाला।</p>\r\n\r\n<p><strong>सरसो&nbsp;की कुछ किस्म आमतौर पर पायी जाती है।</strong></p>\r\n\r\n<p><strong>पीली सरसों</strong>:&nbsp;सफेद सरसों के बीज को पानी, सिरका, नमक और हल्दी के साथ मिश्रित किया जाता है ताकि एक हल्के स्वाद के साथ एक चिकनी पेस्ट बन सके। पीली सरसों का उपयोग अक्सर हैम्बर्गर, हॉट डॉग और सैंडविच के लिए एक मसाला के रूप में किया जाता है।</p>\r\n\r\n<p><strong>मीठी सरसों</strong>:&nbsp;हनी और पीली सरसों को एक मिठाई और टंगी फैल के लिए 1 से 1 के अनुपात में संयोजित किया जाता है जिसे अक्सर सूई की चटनी और नमकीन ड्रेसिंग के रूप में उपयोग किया जाता है।</p>\r\n\r\n<p><strong>डी जाँ सरसों</strong>:&nbsp;डायजन को आमतौर पर भूखे काले बीज, शराब, नमक और मसाले के साथ तीखे स्वाद के लिए बनाया जाता है। यह आमतौर पर सॉस, सलाद ड्रेसिंग और मेयोनेज़ के साथ जोड़े में उपयोग किया जाता है।</p>\r\n\r\n<p><strong>मसालेदार भूरी सरसों</strong>:&nbsp;भूरे सरसों के बीज का एक उच्च अनुपात आंशिक रूप से कुचल दिया जाता है और मसालों के साथ मिश्रित करके एक तीखा, दानेदार पेस्ट बनाया जाता है। यह डेली सैंडविच के साथ बहुत बढ़िया है और इसे अक्सर चीनी और भारतीय व्यंजनों में इस्तेमाल किया जाता है।</p>\r\n\r\n<p><strong>साबुत अनाज सरसों</strong>:&nbsp;पूरे और अर्ध-कुचल बीज का उपयोग एक मोटी पेस्ट बनाने के लिए किया जाता है जो एक गहरी, मजबूत स्वाद और मोटे बनावट प्रदान करता है। जैसा कि यह सबसे कम संसाधित है, साबुत अनाज सरसों सरसों के बीज से सबसे अधिक पोषक तत्वों को बरकरार रख सकता है।</p>\r\n\r\n<p><strong>अच्छे उत्पादन के लिये कुछ बाते</strong>&nbsp;</p>\r\n\r\n<p><strong>जलवायु</strong>: सरसों एक ठंड के मौसम की फसल है जिसे थोड़े समय के लिए उगाया जा सकता है। पीले सरसों की किस्में आमतौर पर 80 से 85 दिनों में परिपक्व होती हैं जबकि भूरे और प्राच्य प्रकारों के लिए 90 से 95 दिनों की आवश्यकता होती है। मिट्टी के तापमान पर अंकुरण 4.45&nbsp;0<strong>C</strong> से कम होना चाहिए। सरसों, विशेष रूप से भूरे और प्राच्य प्रकार के गेहूं और रेपसीड के बीच आंशिक सूखा सहिष्णुता है। फूल की अवधि के दौरान गर्म, शुष्क परिस्थितियों के कारण नमी का तनाव अक्सर कम पैदावार का कारण बनता है।</p>\r\n\r\n<p><strong>मृदा</strong>: सरसों को अच्छी जल निकासी वाली चर मिट्टी के प्रकारों पर उगाया जा सकता है, लेकिन यह उपजाऊ, अच्छी तरह से सूखा, दोमट मिट्टी के लिए अनुकूल है। अंकुर उगने से पहले मिट्टी उखड़ने का खतरा होता है। यह फसल जल जमाव वाली मिट्टी को सहन नहीं करेगी क्योंकि विकास अवरुद्ध हो जाएगा। सूखी रेत और सूखी, रेतीली दोमट मिट्टी से भी बचना चाहिए।</p>\r\n\r\n<p><strong>उत्पादन कम हाेने के कारण</strong></p>\r\n\r\n<p><strong>भिगोना बंद&nbsp;और ब्राउन गिर्डलिंग रूट रोग</strong>&nbsp;: बीज के लिए देखें जो अंकुरित होने में विफल होते हैं या उभरने में विफल होते हैं, और जड़ें जो भूरे या अंकुरों को बदल देती हैं, जो कि पीले, सिकुड़े और क्षय में बदल जाती हैं, विशेष रूप से स्टेम बेस पर।</p>\r\n\r\n<p><strong>ब्लैक स्पॉट, ग्रे लीफ स्पॉट, पॉड स्पॉट</strong>: ग्रे से बैंगनी से काले छोटे धब्बे या घावों के लिए देखें जो एक पीले प्रभामंडल से घिरे हुए गाढ़ा क्षेत्रों में विस्तार कर सकते हैं।</p>\r\n\r\n<p><strong>फ्यूजेरियम विल्ट</strong>: स्टेम बेस पर पीले या लाल मलिनकिरण के साथ, तने, स्टंटिंग और पीलेपन के लिए देखें, और उपजी के केवल एक तरफ लक्षणों का विकास।</p>\r\n\r\n<p><strong>एस्टर येलो:&nbsp;</strong>नीले-हरे रंग के फीके पड़े पौधों के लिए देखें, जिसमें लाल या बैंगनी रंग की पत्तियों का विकास होता है। विकृत फूल और बाँझ, हरी पत्ती जैसी संरचनाओं का उत्पादन कर सकते हैं, और फली को गोल या अंडाकार नीले-हरे खोखले, चपटा मूत्राशय जैसी संरचनाओं द्वारा प्रतिस्थापित किया जाता है। संक्रमित पौधे वुडी हो सकते हैं और अक्सर बाकी फसल चंदवा से अधिक लंबे होते हैं।</p>\r\n\r\n<p><strong>कोमल फफूंदी</strong>: पत्ती के ऊपरी सतह के पीलेपन के लिए, पत्ती के नीचे की तरफ एक अल्प विकास के लिए देखें।</p>\r\n\r\n<p><strong>व्हाइट लीफ स्पॉट और ग्रे स्टेम</strong>: सफेद से ग्रे पत्ती के धब्बे के लिए देखें जो पौधों को एक समग्र ग्रे रंग देने के लिए फैल सकता है।</p>\r\n\r\n<p><strong>Clubroot</strong>: संदिग्ध स्टंटिंग, वाइटिंग, पीलापन और समय से पहले पकना।</p>\r\n\r\n<p><strong>ठग</strong>: पत्तियों पर अनियमित आकार के गंदे सफेद घावों के लिए घड़ी और तने या पत्ती लगाव के बिंदुओं पर एक अंधेरे सीमा के साथ सफेद या ग्रे घाव। स्टेम घाव भी स्टेम बेस के अंदर एक सामान्य ब्लैकनिंग या सूखी सड़ांध के रूप में दिखाई दे सकते हैं। ब्लैकलेज घावों को आमतौर पर कई छोटे गोल धब्बों (पाइक्नीडिया) के साथ देखा जाता है|</p>\r\n\r\n<p>&nbsp;</p>\r\n', NULL, 9, NULL, 'description', 1),
(71, '<p>मटर सबसे आम तौर पर छोटे गोलाकार बीज या फली फल के बीज-फल पिसियम सतिवम है। प्रत्येक फली में कई मटर होते हैं, जो हरे या पीले हो सकते हैं। वानस्पतिक रूप से, मटर की फली फल होती है, क्योंकि उनमें बीज होते हैं और एक (मटर) फूल के अंडाशय से विकसित होते हैं।</p>\r\n\r\n<p><strong>मटर&nbsp;की कुछ किस्म आमतौर पर पायी जाती है।</strong></p>\r\n\r\n<p><strong>इंग्लिश मटर (पिसम सैटिवम, वर्थ सैटिवम)</strong>: इंग्लिश मटर में खाने योग्य फली नहीं होती है; आपको उन्हें खाने और खाने से पहले पूरी तरह से इंतजार करना होगा।</p>\r\n\r\n<p><strong>हिम मटर (पिसम सतिवम वर। सैकरेटम)</strong>: चीनी स्नैप मटर अंग्रेजी मटर और बर्फ मटर के बीच एक क्रॉस है। अंग्रेजी मटर के साथ के रूप में, बीज को थोड़ा मोटा होने दिया जाता है। हालांकि, फली कुरकुरी और खाने योग्य होती है, इसलिए उन्हें शेल करने की आवश्यकता नहीं होती है और व्यंजनों में बर्फ मटर के समान उपयोग किया जाता है। चीनी मटर मटर को अंग्रेजी मटर की तरह ही उगाया जाता है, लेकिन जब मौसम गर्म होता है तो वे थोड़े लंबे समय तक चलते हैं।</p>\r\n\r\n<p><strong>अच्छे उत्पादन के लिये कुछ बाते&nbsp;</strong></p>\r\n\r\n<p>मटर को ठीक से बढ़ने के लिए शांत जलवायु की आवश्यकता होती है। वे उच्च तापमान के प्रति बहुत संवेदनशील होते हैं। आदर्श रूप से तापमान 16-19 0C&nbsp;के बीच होना चाहिए। अधिकतम 24 0C तापमान को सहन किया जाता है, लेकिन जैसे ही यह दिन में लंबे समय तक अधिक रहता है, फसल की गुणवत्ता और मात्रा कम हो जाती है। मटर ठंढ को -2 &deg; C तक जल्दी सहन कर सकता है। जैसे ही फूलों को ठंढ बनना शुरू होता है, विकास के बिंदु और फूलों को नुकसान होगा। आदर्श तापमान 23 0C के साथ 5-29 0C&nbsp;के बीच बीज अंकुरित। बाजार में इतनी सारी किस्में उपलब्ध हैं कि एक मटर की खेती होगी जो आपकी जलवायु के अनुकूल है।</p>\r\n\r\n<p>6-7.5 के इष्टतम पीएच रेंज के साथ अच्छी तरह से सूखा दोमट मिट्टी उपयुक्त है। ठंड के मौसम में सबसे अच्छा होता है। यह फसल अंकुर अवस्था में कम तापमान पर उग आती है।</p>\r\n\r\n<p><strong>उत्पादन कम हाेने के कारण</strong></p>\r\n\r\n<p><strong>&nbsp;पिनोडेला (ए। पिनोडेला), और मायकोस्फेरेला पिनोड (ए। पिनोड्स)</strong>:&nbsp;Asocochyta ब्लाइट Asocochyta ब्लाइट कवक, Ascochyta pisi, Phoma Medicaginis var की तिकड़ी से बना है जो पौधे के मलबे में सर्दियों के महीनों के माध्यम से जीवित रहते हैं या संक्रमित मटर के बीज पर रोपण के मौसम के दौरान पेश किए जाते हैं। पवन और बारिश स्वस्थ पौधों पर बीजाणुओं का संचार करते हैं। हालांकि, संक्रमण के कारण कवक के आधार पर लक्षण भिन्न हो सकते हैं, आमतौर पर एसोचोय्टा ब्लाइट एक काले रंग के तने के रूप में दिखाई देता है, भूरे रंग के धब्बों और कली की बूंदों के साथ पीले पत्ते। फली और बीज दोनों पीड़ित हो सकते हैं, और गंभीर संक्रमण बीजों को मार देते हैं।</p>\r\n\r\n<p>&nbsp;<strong>बैक्टीरियल ब्लाइट:</strong>&nbsp;मटर के पौधों में एक और बीमारी है जो संक्रमित सतह के पौधे में सर्दी से बचती है और संक्रमित बीज में। आमतौर पर बैक्टीरिया स्यूडोमोनास सिरिंज के कारण होता है, बैक्टीरिया का दोष अन्य जीवाणु के कारण भी हो सकता है। फिर से, पानी, या तो बारिश के छींटे, ओवरहेड वॉटरिंग या पालतू या मानव गतिविधि एक गीले बगीचे में, मटर के पौधों को पीड़ित बैक्टीरिया को फैलाते हैं, अक्सर वे जो पहले से ही ठंढ जैसी चीजों से क्षतिग्रस्त हो जाते हैं। पहले बैक्टीरियल ब्लाइट चमकदार, पत्तों की सतहों पर गहरे हरे पानी के धब्बों जैसा दिखता है और फिर ये अनियमित आकार के धब्बे पपीते, भूरे रंग में केंद्र लाइटर के साथ पारभासी हो जाते हैं।</p>\r\n', NULL, 10, NULL, 'description', 1),
(73, '<p>कद्दू चिकनी, थोड़ी पसली वाली त्वचा के साथ गोल होता है, और अक्सर रंग में नारंगी&nbsp;या अधिक गहरा पीला होता है। मोटे खोल में बीज और गूदा होता है। इस नाम का उपयोग सामान्यतः कुकुर्बिटा पेपो की खेती के लिए किया जाता है, लेकिन कुकुर्बिता मैक्सिमा, सी। अर्गियोस्पर्म और सी। मोचाटा की कुछ किस्मों को इसी तरह के रूप में कभी-कभी &quot;कद्दू&quot; भी कहा जाता है।</p>\r\n\r\n<p>कद्दू &nbsp;केरल की एक लोकप्रिय सब्जी है। यह पोटेशियम और विटामिन ए का एक समृद्ध स्रोत है कद्दू का उज्ज्वल नारंगी रंग एक महत्वपूर्ण एंटीऑक्सिडेंट, बीटा कैरोटीन का संकेत है। बीटा-कैरोटीन है शरीर में विटामिन ए का अग्रदूत, जो समग्र स्वास्थ्य में कई महत्वपूर्ण कार्य करता है।</p>\r\n\r\n<p>यद्यपि आप कद्दू को एक सब्जी के रूप में सोच सकते हैं, ये स्क्वैश, मौसम के सजावटी सितारे और साथ ही गिरावट-स्वाद वाले, सबसे अच्छे कद्दू पाई के सबसे अच्छे घटक, वास्तव में फल हैं।</p>\r\n\r\n<p><strong>अच्छे उत्पादन के लिये कुछ बाते&nbsp;</strong></p>\r\n\r\n<p>कद्दू को न्यूनतम तापमान 18 की आवश्यकता होती है प्रारंभिक विकास के दौरान ओसी, लेकिन इष्टतम तापमान की सीमा में हैं 24-27 0C। यह कम तापमान को सहन कर सकता है और विभिन्न प्रकार की वर्षा की स्थिति के अनुकूल होता है।</p>\r\n\r\n<p>मिट्टी की एक विस्तृत श्रृंखला लेकिन एक अच्छी तरह से सूखा रेतीली दोमट मिट्टी को तरजीह देती है जो कार्बनिक पदार्थों में समृद्ध है। इष्टतम मिट्टी पीएच है 6.0-6.7, लेकिन पौधे पीएच 8.0 तक क्षारीय मिट्टी को सहन करते हैं।</p>\r\n\r\n<p><strong>जौ की कुछ किस्म आमतौर पर पायी जाती है।</strong></p>\r\n\r\n<p><strong>अर्का सूर्यमुखी</strong>: भारतीय बागवानी अनुसंधान संस्थान, बैंगलोर से उच्च उपज वाली किस्म। नारंगी रंग के साथ छोटे आकार, फ्लैट-गोल फल। फल मक्खी के हमले के लिए प्रतिरोधी। केरल की स्थिति में बढ़ने के लिए उपयुक्त है<br />\r\nसितंबर-जनवरी के दौरान।</p>\r\n\r\n<p><strong>अर्का चंदन</strong>: अपरिपक्व होने पर सफेद पैच के साथ हरे रंग का हो जाता है।&nbsp;कैरोटीन में समृद्ध होते हैं, और ठोस गुहा होते हैं। फलों का वजन 2-3 किलोग्राम है।<br />\r\n<br />\r\n<strong>अंबिली</strong>:&nbsp;औसत फल का वजन 4-6 किलोग्राम है। मध्यम फ्लैट गोल फल आकार।</p>\r\n\r\n<p><strong>सुवर्णा</strong>: &nbsp;छोटे आकार के फ्लैट-गोल फल मोटी नारंगी मांस। फलों का औसत वजन 3-5 किलोग्राम है।</p>\r\n\r\n<p><strong>उत्पादन कम हाेने के कारण</strong></p>\r\n\r\n<p><strong>फंगस</strong>: जिसके कारण चिपचिपा तना धुंधला हो जाता है, और फल पर काले धब्बे बन जाते हैं। गर्म, आर्द्र गर्मियों की रातें काली सड़ांध का पक्ष लेती हैं। पानी और हवा के माध्यम से बीजाणु फैल जाते हैं।</p>\r\n', NULL, 11, NULL, 'description', 1),
(74, '<p>चावल एक प्रकार का भोजन है। मूल में, यह एक दलदली घास है। इसे एशिया के कई हिस्सों में मुख्य भोजन के रूप में खाया जाता है। यह दुनिया के गर्म भागों में उगाया जाता है, मुख्य रूप से एशिया, अफ्रीका, उत्तरी इटली और उत्तरी अमेरिका के पश्चिमी तट पर।</p>\r\n\r\n<p>मौजूद चावल की 40,000 से अधिक किस्में मौजूद हैं। लेकिन सटीक आंकड़ा अनिश्चित है। खेती किए गए चावल और जंगली प्रजातियों के 90,000 से अधिक नमूनों को अंतर्राष्ट्रीय चावल जीन बैंक में संग्रहीत किया जाता है और इनका उपयोग दुनिया भर के शोधकर्ताओं द्वारा किया जाता है।</p>\r\n\r\n<p>चावल की किस्मों को तीन बुनियादी समूहों, लंबे अनाज, छोटे अनाज और मध्यम अनाज में विभाजित किया जा सकता है।</p>\r\n\r\n<p>चावल की पहली श्रेणी जो एक विशेषता के रूप में वर्गीकृत की जाती है, वह है सुगंधित चावल। इनमें एक प्राकृतिक घटक, 2-एसिटाइल 1-पाइरोलाइन होता है, जो उनके सुगंधित स्वाद और सुगंध के लिए जिम्मेदार होता है। सुगंधित चावल की खुशबू की गुणवत्ता शराब की तरह एक वर्ष की फसल से अगले तक भिन्न हो सकती है। बेहतरीन सुगंधित रस एक मजबूत सुगंध लाने के लिए वृद्ध हैं।</p>\r\n\r\n<p><strong>अच्छे उत्पादन के लिये कुछ बाते</strong>&nbsp;</p>\r\n\r\n<p>चावल उगाने के लिए जलोढ़ दोमट और बलुई मिट्टी आदर्श है। चावल की फसल को बुवाई, बढ़ने और कटाई के मौसम में मामूली बदलाव के साथ लगभग 24 &nbsp;0C या उससे अधिक की आवश्यकता होती है। यह उन क्षेत्रों में अच्छी तरह से बढ़ता है जहां वर्षा 100 सेमी से ऊपर है। डेल्टास, नदी घाटियाँ, तटीय मैदान और पर्वतीय क्षेत्रों में सीढ़ीदार खेत इसकी खेती के लिए आदर्श हैं।</p>\r\n\r\n<p><strong>उत्पादन कम हाेने के कारण</strong></p>\r\n\r\n<p><strong>Rice Blast</strong> चावल का विस्फोट एक कवक है जो चावल के पौधे पर फ़ीड करता है, जिससे आमतौर पर अंकुरित अवस्था के दौरान गंभीर नुकसान होता है। यह पौधे के विभिन्न हिस्सों पर हमला करता है: कॉलर, जो अंततः पूरे पत्ती के ब्लेड को मार सकता है; स्टेम, जो काला हो जाता है और आसानी से टूट जाता है; जहां संक्रमित भाग भूरे-भूरे रंग का घाव होता है, या जब गंभीर होता है, या संक्रमित होने पर भूरे रंग के घावों को प्रदर्शित करने वाली अग्न्याशय की शाखाओं पर।</p>\r\n\r\n<p><strong>बैक्टीरियल ब्लाइट</strong>: बैक्टीरियल ब्लाइट Xanthomonas oryzaepv के कारण होता है। oryzae (Xoo) और अंकुरित अवस्था में चावल के पौधे को प्रभावित करता है जहाँ संक्रमित पत्तियाँ भूरे हरे रंग की हो जाती हैं और लुढ़क जाती हैं। जैसे-जैसे बीमारी बढ़ती है, पत्तियां पीले रंग से भूसे रंग की और विल्ट हो जाती हैं, जिससे पूरे अंकुर सूख जाते हैं और मर जाते हैं। यह रोग उष्णकटिबंधीय और समशीतोष्ण वातावरणों में होता है, विशेष रूप से सिंचित और कम वर्षा वाले क्षेत्रों में। यह आमतौर पर देखा जाता है जब तेज हवाएं और लगातार भारी बारिश होती है। अतिसंवेदनशील चावल की किस्मों में यह बीमारी गंभीर है जिनका इलाज उच्च नाइट्रोजन उर्वरक के साथ किया जाता है।</p>\r\n\r\n<p><strong>शीथ ब्लाइट</strong>: शीथ ब्लाइट Rhizoctonia solani के कारण होने वाला एक फंगल रोग है। आमतौर पर चावल की फसल में दूध की अवस्था तक के लक्षण देखे जाते हैं। यह समशीतोष्ण, उपोष्णकटिबंधीय और उष्णकटिबंधीय देशों में चावल उगाने वाले क्षेत्रों में होता है। राइस शीथ ब्लाइट सभी चावल उत्पादन क्षेत्रों में पाया जाता है, और विशेष रूप से तीव्र उत्पादन प्रणालियों में चावल का उत्पादन घट रहा है।</p>\r\n', NULL, 12, NULL, 'description', 1),
(75, '<p>सोयाबीन जिसे गोल्डन बीन्स कहा जाता है, वह फलियां परिवार से संबंधित है। यह पूर्वी एशिया का मूल निवासी है। यह प्रोटीन का एक समृद्ध स्रोत है, फाइबर का उत्कृष्ट स्रोत भी है। सोयाबीन से निकाले गए तेल में कम मात्रा में संतृप्त वसा होती है।</p>\r\n\r\n<p>सोयाबीन खरीफ और वसंत की दो फसलें। खरीफ सीज़न के मामले में बुवाई का सबसे आम समय मानसून की शुरुआत या जून के अंतिम सप्ताह से लेकर जूली के पहले सप्ताह तक होता है जबकि वसंत की बुवाई 15 फरवरी से 15 मार्च के बीच की जाती है।</p>\r\n\r\n<p><strong>सोयाबीन कई रंगों में आते हैं, जिनमें शामिल हैं</strong></p>\r\n\r\n<p><strong>हरी सोयाबीन</strong>: युवा हरी सोयाबीन को ईनाम भी कहा जाता है। लोग उन्हें स्टीम कर सकते हैं और एक क्षुधावर्धक के रूप में फली से बाहर खा सकते हैं। शेल्ड एडामाम सलाद, हलचल-फ्राइज़ और सूप में भी उपलब्ध है।</p>\r\n\r\n<p><strong>पीले सोयाबीन</strong>: सोया दूध, टोफू, टेम्पेह और तमरी बनाने के लिए निर्माता आमतौर पर पीले सोयाबीन का उपयोग करते हैं। वे बेकिंग के लिए सोया आटा के उत्पादन में भी भूमिका निभाते हैं।</p>\r\n\r\n<p><strong>काले सोयाबीन</strong>: कई एशियाई खाद्य संस्कृतियों पारंपरिक व्यंजनों में उबला हुआ या किण्वित काले सोयाबीन का उपयोग करते हैं।</p>\r\n\r\n<p><strong>अच्छे उत्पादन के लिये कुछ बाते&nbsp;</strong></p>\r\n\r\n<p>अंकुरण के लिए सोयाबीन को लगभग 15 से 32 0C तापमान की आवश्यकता होती है लेकिन तेजी से विकास के लिए फसल को उच्च तापमान की आवश्यकता होती है। फसल को फूलों पर या फूलों और फली की बूंदों में फल लगने से ठीक पहले 60-65 सेमी वार्षिक वर्षा की आवश्यकता होती है, जबकि परिपक्वता के दौरान बारिश से सोयाबीन की गुणवत्ता खराब हो जाती है। नुकसान पहुचने वाला। सबसे अच्छी मिट्टी का प्रकार रेतीली दोमट है जिसमें अच्छी कार्बनिक पदार्थ होते हैं।</p>\r\n\r\n<p><strong>उत्पादन कम हाेने के कारण</strong></p>\r\n\r\n<p><strong>कवक</strong>:&nbsp;इस कवक की पहचान वर्ग&nbsp;रूप में की गई थी। जबकि अधिकांश किस्मों में वर्ग 15 और अन्य वर्ग के लिए प्रतिरोध या क्षेत्र की सहिष्णुता है, इस बीमारी की प्रगति पर नजर रखने और सतर्क रहने की आवश्यकता है। रोग गीला और जलजनित परिस्थितियों का पक्षधर है और इसे सबसे अच्छी तरह से खण्ड के तल पर पहचाना जाता है। रोग जमीन से निकलने वाले तने और तने से भूरे / मृत ऊतक के घाव की ओर जाता है। कवक पौधे द्वारा पानी को प्रभावी ढंग से ऊपर जाने से रोकता है और एक प्रमुख लक्षण जीवित लोगों की उपस्थिति में मृत पौधे और मृत पौधे हैं, कभी-कभी मृत पैच हो सकते हैं।</p>\r\n\r\n<p>कभी-कभी कवक स्क्लेरोटिनिया सोयाबीन पर हमला करता है, जिससे मृत पौधों को अलग किया जाता है जो कभी-कभी पैच में विकसित होते हैं। गर्म आर्द्र मौसम बीमारी का पक्षधर है और पौधों को तनों के बाहर सफेद फफूंद वृद्धि और उपजी के अंदर काले धब्बों&nbsp;के द्वारा पहचाना जा सकता है। स्क्लेरोटिनिया एक कपटी बीमारी है जिसे नियंत्रित करना मुश्किल है और मिट्टी में लंबे समय तक रहता है।</p>\r\n', NULL, 13, NULL, 'description', 1);
INSERT INTO `contents` (`id`, `description`, `resource_id`, `document_id`, `topic_id`, `content_type`, `position`) VALUES
(76, '<p>फसल एक पौधा या पशु उत्पाद है जिसे लाभ या निर्वाह के लिए बड़े पैमाने पर उगाया और काटा जा सकता है। ज्यादातर फसलों की खेती जमीन या जल मे की जाती है।&nbsp;</p>\r\n\r\n<p>अधिकांश फसलों को मनुष्यों के भोजन या पशुओं के चारे के रूप में काटा जाता है। कुछ फसलें जंगल (जैसे शहद, लकड़ी) से इकट्ठा की जाती हैं।</p>\r\n\r\n<p>गैर-खाद्य फसलों में बागवानी, फूलों की खेती और औद्योगिक फसलें शामिल हैं। बागवानी फसलों में अन्य फसलों (जैसे फलों के पेड़) के लिए इस्तेमाल होने वाले पौधे शामिल हैं। फूलों की खेती में बेड प्लांट्स, हाउसप्लांट्स, फ्लावरिंग गार्डन और पॉट प्लांट्स, कटे हुए साग और कटे हुए फूल शामिल हैं। औद्योगिक फसलों का उत्पादन कपड़ों (फाइबर फसलों), जैव ईंधन (ऊर्जा फसलों, शैवाल ईंधन), या दवा (औषधीय पौधों) के लिए किया जाता है।</p>\r\n\r\n<p><strong>फसलों के प्रकार</strong>&nbsp;</p>\r\n\r\n<p><strong>खरीफ फसलें</strong>: शब्द &quot;खरीफ&quot; शरद ऋतु के लिए अरबी है क्योंकि मौसम शरद ऋतु या सर्दियों की शुरुआत के साथ मेल खाता है। इन फसलों की खेती मानसून के मौसम में होती है, खरीफ की फसल का दूसरा नाम मानसून की फसल है। खरीफ का मौसम देश के हर राज्य में अलग-अलग होता है लेकिन आम तौर पर जून से सितंबर तक होता है। हम जून के आसपास मानसून के मौसम की शुरुआत में और सितंबर या अक्टूबर तक फसल बोते हैं। चावल, मक्का, बाजरा, रागी, सोयाबीन, मूंगफली, कपास सभी खरीफ की फसलें हैं।</p>\r\n\r\n<p><strong>रबी फसलें</strong>: &quot;रबी&quot; शब्द का अरबी अनुवाद वसंत है। इन फसलों के रूप में वसंत ऋतु में फसल इसलिए नाम। रबी सीजन आमतौर पर नवंबर में शुरू होता है और मार्च या अप्रैल तक रहता है। रबी की फसल की खेती मुख्य रूप से सिंचाई के माध्यम से होती है क्योंकि नवंबर तक मानसून पहले ही खत्म हो जाता है। वास्तव में, नवंबर या दिसंबर में बेमौसम बारिश फसल को बर्बाद कर सकती है। किसान शरद ऋतु की शुरुआत में बीज बोते हैं, जिसके परिणामस्वरूप वसंत फसल होती है। गेहूं, जौ, सरसों, और हरी मटर कुछ प्रमुख रबी फसलें हैं जो भारत में उगती हैं।</p>\r\n\r\n<p><strong>जाईद फसलें</strong>: मार्च से जुलाई के महीनों में खरीफ और रबी मौसम के बीच एक छोटा मौसम होता है। सामान्य तौर पर, जाईद की फसलें इस मौसम में उगने वाली फसलें हैं। इसके अलावा, ये सिंचित भूमि पर उगते हैं। इसलिए हमें उन्हें उगाने के लिए मानसून का इंतजार नहीं करना पड़ेगा। जायद की फसलों के कुछ उदाहरण कद्दू, ककड़ी, करेला हैं।<br />\r\n&nbsp;</p>\r\n', NULL, 14, NULL, 'description', 1);

-- --------------------------------------------------------

--
-- Table structure for table `documents`
--

CREATE TABLE `documents` (
  `id` int(11) NOT NULL,
  `title` varchar(250) NOT NULL,
  `icon` int(11) DEFAULT NULL,
  `display_type` enum('info','news','blog') DEFAULT NULL,
  `is_topic` tinyint(4) DEFAULT NULL,
  `position` int(11) DEFAULT NULL,
  `created` datetime DEFAULT NULL,
  `updated` datetime DEFAULT NULL
) ENGINE=InnoDB DEFAULT CHARSET=utf8mb4;

--
-- Dumping data for table `documents`
--

INSERT INTO `documents` (`id`, `title`, `icon`, `display_type`, `is_topic`, `position`, `created`, `updated`) VALUES
(1, 'जौ', 281, 'info', NULL, 1, '2020-06-02 11:48:59', '2020-06-04 01:36:47'),
(3, 'करेला', 282, 'info', NULL, 2, '2020-06-03 09:31:41', '2020-06-04 01:36:54'),
(4, 'कपास', 290, 'info', NULL, 3, '2020-06-03 10:28:50', '2020-06-04 03:05:36'),
(5, 'खीरा', 277, 'info', NULL, 4, '2020-06-03 11:17:28', '2020-06-04 01:37:22'),
(6, 'मूंगफली', 289, 'info', NULL, 5, '2020-06-03 11:24:33', '2020-06-04 03:05:16'),
(7, '﻿मक्का', 279, 'info', NULL, 6, '2020-06-03 11:39:58', '2020-06-03 12:42:12'),
(8, 'बाजरा', 294, 'info', NULL, 7, '2020-06-03 12:12:09', '2020-06-04 03:10:59'),
(9, 'सरसों', 295, 'info', NULL, 8, '2020-06-05 06:58:43', NULL),
(10, 'मटर', 296, 'info', NULL, 9, '2020-06-05 07:32:18', NULL),
(11, 'कद्दू ', 297, 'info', NULL, 10, '2020-06-05 08:36:38', '2020-06-05 08:54:30'),
(12, 'चावल', 298, 'info', NULL, 11, '2020-06-05 09:26:30', NULL),
(13, 'सोयाबीन', 299, 'info', NULL, 12, '2020-06-05 09:41:40', NULL),
(14, '﻿फसल क्या है?', 300, 'info', NULL, 13, '2020-06-05 09:58:06', NULL);

-- --------------------------------------------------------

--
-- Table structure for table `email`
--

CREATE TABLE `email` (
  `id` int(11) NOT NULL,
  `first_name` varchar(100) NOT NULL,
  `last_name` varchar(100) NOT NULL,
  `email` varchar(250) NOT NULL,
  `comment` varchar(500) NOT NULL,
  `is_read` tinyint(4) DEFAULT NULL,
  `created` datetime NOT NULL
) ENGINE=InnoDB DEFAULT CHARSET=utf8mb4;

-- --------------------------------------------------------

--
-- Table structure for table `files`
--

CREATE TABLE `files` (
  `id` int(11) NOT NULL,
  `file_name` varchar(250) NOT NULL,
  `unique_name` varchar(500) NOT NULL,
  `size` smallint(6) NOT NULL,
  `file_type` enum('image','site','video') NOT NULL
) ENGINE=InnoDB DEFAULT CHARSET=utf8mb4;

--
-- Dumping data for table `files`
--

INSERT INTO `files` (`id`, `file_name`, `unique_name`, `size`, `file_type`) VALUES
(270, 'user.jpg', '6c265636be33f7363eadeac0493be0ab.jpg', 8, 'image'),
(271, 'compost1.jpeg', '380881ebb2eadfaa51eaa4960118f37b.jpeg', 14, 'image'),
(273, 'cow.jpg', '28c93e595bb7062d5bf822f13c46ad6f.jpg', 45, 'image'),
(274, 'cotton.jpeg', 'ef4fabb08d838d5d9fd2fbacba8bdb81.jpeg', 6, 'image'),
(275, 'biiterguard.jpg', '5221637dbca5cea71ebc5b0444d1bded.jpg', 127, 'image'),
(276, 'cotton.jpeg', '6e01a6938adff18ebdf59d1b4c0ea219.jpeg', 6, 'image'),
(277, 'cumcumber.jpg', 'c7355ad5fe6b315493f0cc77b1336327.jpg', 19, 'image'),
(278, 'groundnut.jpeg', '1d7edff4aaaa9d99af212ed01388ba25.jpeg', 31, 'image'),
(279, 'maize.jpg', '5426c17c4aab655fc62a70f8ecb4f056.jpg', 88, 'image'),
(280, 'millet.jpg', '1d08efcebdbfb30007a2af847d8aaf30.jpg', 229, 'image'),
(281, 'barley.jpg', '3aa07ea0c84f4f9130400f5c80ecffb8.jpg', 100, 'image'),
(282, 'biiterguard.jpg', '12e715a40b22400bb997808ee746e8b9.jpg', 127, 'image'),
(283, 'cotton.jpeg', '00843a3b80ce732e7da80ed211468e9f.jpeg', 6, 'image'),
(284, 'biiterguard.jpg', '74cffffd168ff1d8aebe4f0a32417600.jpg', 127, 'image'),
(285, 'barley.jpg', '0f1c7653b8edf216f65deebb03698dca.jpg', 100, 'image'),
(286, 'cotton.jpeg', '7ace51a256dd68551ade58b7dc926fb6.jpeg', 6, 'image'),
(287, 'cumcumber.jpg', '8dc5bfed480a45fbb069d130c8c82436.jpg', 19, 'image'),
(288, 'groundnut.jpeg', '3099546b4e1fb4e70866c37535dc190f.jpeg', 31, 'image'),
(289, 'groundnut.jpeg', '936a48ed6546941e206afb0795f5d8ff.jpeg', 24, 'image'),
(290, 'cotton.jpeg', '53560259b429a4d7dcce3f3e4c6a15ab.jpeg', 16, 'image'),
(291, 'biiterguard.jpg', 'ba9c47e1e825d5992f0c3b3e00e06029.jpg', 157, 'image'),
(292, 'groundnut.jpeg', '62c9a1c2201309dc54c9e31607fca2a7.jpeg', 24, 'image'),
(293, 'cotton.jpeg', 'f4aadbc93966ada9f2b258e49680b240.jpeg', 16, 'image'),
(294, 'millet.jpg', 'a669083d20c797d91e7d67fad40b7f56.jpg', 34, 'image'),
(295, 'mustard.jpg', '2d676d95e7c1eb4ffe53068e44748fb5.jpg', 100, 'image'),
(296, 'pea.png', '894b8510bef6ec121439f3983bb232b6.png', 1082, 'image'),
(297, 'pumpkin.jpg', '350916357cbaa49115eb5e17997b234d.jpg', 467, 'image'),
(298, 'rice.jpeg', '94e6d5916c1632570727820346878015.jpeg', 343, 'image'),
(299, 'soya.jpg', '74f6efa6065a78ec6667cb30b4704c25.jpg', 32, 'image'),
(300, 'crop.jpeg', 'c629734b151af2e91ba1f218cdb0d0a7.jpeg', 12, 'image');

-- --------------------------------------------------------

--
-- Table structure for table `resources`
--

CREATE TABLE `resources` (
  `id` int(20) NOT NULL,
  `title` varchar(250) NOT NULL,
  `resource_type` enum('video','image','site') NOT NULL,
  `file_id` int(11) DEFAULT NULL,
  `file_id_2` int(11) DEFAULT NULL,
  `description` text NOT NULL,
  `created` datetime DEFAULT NULL,
  `updated` datetime DEFAULT NULL,
  `position` bigint(20) NOT NULL
) ENGINE=InnoDB DEFAULT CHARSET=utf8mb4;

--
-- Dumping data for table `resources`
--

INSERT INTO `resources` (`id`, `title`, `resource_type`, `file_id`, `file_id_2`, `description`, `created`, `updated`, `position`) VALUES
(1, 'करेला', 'image', 284, NULL, ' ', '2020-06-04 01:04:34', NULL, 1),
(2, 'जौ', 'image', 285, NULL, ' ', '2020-06-04 01:06:58', NULL, 2),
(3, 'कपास', 'image', 286, NULL, ' ', '2020-06-04 01:07:39', NULL, 3),
(4, 'खीरा', 'image', 287, NULL, ' ', '2020-06-04 01:09:13', NULL, 4),
(5, 'मूंगफली', 'image', 288, NULL, ' ', '2020-06-04 01:10:16', NULL, 5);

-- --------------------------------------------------------

--
-- Table structure for table `setting`
--

CREATE TABLE `setting` (
  `id` int(11) NOT NULL,
  `dashboard_random` enum('1','0') NOT NULL,
  `comment_allow` enum('1','0') NOT NULL,
  `api_on` enum('1','0') NOT NULL,
  `carousel_random` enum('1','0') NOT NULL,
  `carousel_event` enum('1','0') NOT NULL,
  `carousel_limit` tinyint(4) NOT NULL,
  `updated` datetime NOT NULL
) ENGINE=InnoDB DEFAULT CHARSET=utf8mb4;

--
-- Dumping data for table `setting`
--

INSERT INTO `setting` (`id`, `dashboard_random`, `comment_allow`, `api_on`, `carousel_random`, `carousel_event`, `carousel_limit`, `updated`) VALUES
(2, '1', '1', '1', '1', '1', 3, '2020-06-01 09:13:47');

-- --------------------------------------------------------

--
-- Table structure for table `user`
--

CREATE TABLE `user` (
  `id` int(11) NOT NULL,
  `user_id` text NOT NULL,
  `file_id` int(11) DEFAULT NULL,
  `name` text NOT NULL,
  `password` text NOT NULL,
  `created` datetime NOT NULL,
  `updated` datetime DEFAULT NULL
) ENGINE=InnoDB DEFAULT CHARSET=utf8mb4;

--
-- Dumping data for table `user`
--

INSERT INTO `user` (`id`, `user_id`, `file_id`, `name`, `password`, `created`, `updated`) VALUES
(2, '94465b1b78a1e3c5f0f413d0f3bb19cbb5cc7ba1c2ff4f0439e51bacbdaf47c7f6cdf0c5771debe5ab689f547bbeadf2f461bcd7f09608d7c18f8c854ecc528cB39Xxy3XCLddDy/QMEln4y6D/k/NZyOVEV5sr6NlIVCrYXamNNRKhgoRSuc1rlBB', 270, 'd4758bf9a709e4032094e97da3c8390768ce980e5a1e4e3ef6de9fef8eb8b72e5ffa4940ba1c0f6724eba3074603bb99499e7531eba62e9a92e057727db40825fZzJgYl2N+xHDousLC+TshQJgwo8u9ZmGO6L8fsc71w=', 'bee6b172d922ff1066d21206a2141e2d8aca4a1e1400e1e37800651b789b4ba2164c2d1cba2fb01f2c40301fce0149eb3fafbbff2b2648132edf4e76d9a198e0K1S07PqenXNe51gg3kdRh3djt9GfRjxI2gl92wwSPdFqL38TiukOSvRXo9AYuZpMyEy1j1FABLyG0wZ26BOiLg==', '2020-05-06 10:19:12', '2020-06-02 11:28:40');

--
-- Indexes for dumped tables
--

--
-- Indexes for table `analytic`
--
ALTER TABLE `analytic`
  ADD PRIMARY KEY (`id`);

--
-- Indexes for table `carousel`
--
ALTER TABLE `carousel`
  ADD PRIMARY KEY (`id`),
  ADD KEY `carousel_ibfk_1` (`file_id`);

--
-- Indexes for table `classification`
--
ALTER TABLE `classification`
  ADD PRIMARY KEY (`id`),
  ADD KEY `classification_ibfk_1` (`document_id`),
  ADD KEY `classification_ibfk_2` (`resource_id`);

--
-- Indexes for table `contents`
--
ALTER TABLE `contents`
  ADD PRIMARY KEY (`id`),
  ADD KEY `contents_ibfk_2` (`resource_id`),
  ADD KEY `contents_ibfk_3` (`topic_id`),
  ADD KEY `contents_ibfk_4` (`document_id`);

--
-- Indexes for table `documents`
--
ALTER TABLE `documents`
  ADD PRIMARY KEY (`id`),
  ADD KEY `documents_ibfk_1` (`icon`);

--
-- Indexes for table `email`
--
ALTER TABLE `email`
  ADD PRIMARY KEY (`id`);

--
-- Indexes for table `files`
--
ALTER TABLE `files`
  ADD PRIMARY KEY (`id`);

--
-- Indexes for table `resources`
--
ALTER TABLE `resources`
  ADD PRIMARY KEY (`id`),
  ADD KEY `resources_ibfk_1` (`file_id`),
  ADD KEY `resources_ibfk_2` (`file_id_2`);

--
-- Indexes for table `setting`
--
ALTER TABLE `setting`
  ADD PRIMARY KEY (`id`);

--
-- Indexes for table `user`
--
ALTER TABLE `user`
  ADD PRIMARY KEY (`id`),
  ADD KEY `file_id` (`file_id`);

--
-- AUTO_INCREMENT for dumped tables
--

--
-- AUTO_INCREMENT for table `analytic`
--
ALTER TABLE `analytic`
  MODIFY `id` int(11) NOT NULL AUTO_INCREMENT, AUTO_INCREMENT=58;

--
-- AUTO_INCREMENT for table `carousel`
--
ALTER TABLE `carousel`
  MODIFY `id` int(11) NOT NULL AUTO_INCREMENT, AUTO_INCREMENT=4;

--
-- AUTO_INCREMENT for table `classification`
--
ALTER TABLE `classification`
  MODIFY `id` int(11) NOT NULL AUTO_INCREMENT, AUTO_INCREMENT=20;

--
-- AUTO_INCREMENT for table `contents`
--
ALTER TABLE `contents`
  MODIFY `id` int(11) NOT NULL AUTO_INCREMENT, AUTO_INCREMENT=77;

--
-- AUTO_INCREMENT for table `documents`
--
ALTER TABLE `documents`
  MODIFY `id` int(11) NOT NULL AUTO_INCREMENT, AUTO_INCREMENT=15;

--
-- AUTO_INCREMENT for table `email`
--
ALTER TABLE `email`
  MODIFY `id` int(11) NOT NULL AUTO_INCREMENT;

--
-- AUTO_INCREMENT for table `files`
--
ALTER TABLE `files`
  MODIFY `id` int(11) NOT NULL AUTO_INCREMENT, AUTO_INCREMENT=301;

--
-- AUTO_INCREMENT for table `resources`
--
ALTER TABLE `resources`
  MODIFY `id` int(20) NOT NULL AUTO_INCREMENT, AUTO_INCREMENT=6;

--
-- AUTO_INCREMENT for table `setting`
--
ALTER TABLE `setting`
  MODIFY `id` int(11) NOT NULL AUTO_INCREMENT, AUTO_INCREMENT=3;

--
-- AUTO_INCREMENT for table `user`
--
ALTER TABLE `user`
  MODIFY `id` int(11) NOT NULL AUTO_INCREMENT, AUTO_INCREMENT=3;

--
-- Constraints for dumped tables
--

--
-- Constraints for table `carousel`
--
ALTER TABLE `carousel`
  ADD CONSTRAINT `carousel_ibfk_1` FOREIGN KEY (`file_id`) REFERENCES `files` (`id`) ON DELETE CASCADE ON UPDATE CASCADE;

--
-- Constraints for table `classification`
--
ALTER TABLE `classification`
  ADD CONSTRAINT `classification_ibfk_1` FOREIGN KEY (`document_id`) REFERENCES `documents` (`id`) ON DELETE CASCADE ON UPDATE CASCADE,
  ADD CONSTRAINT `classification_ibfk_2` FOREIGN KEY (`resource_id`) REFERENCES `resources` (`id`) ON DELETE CASCADE ON UPDATE CASCADE;

--
-- Constraints for table `contents`
--
ALTER TABLE `contents`
  ADD CONSTRAINT `contents_ibfk_2` FOREIGN KEY (`resource_id`) REFERENCES `resources` (`id`) ON DELETE CASCADE ON UPDATE CASCADE,
  ADD CONSTRAINT `contents_ibfk_3` FOREIGN KEY (`topic_id`) REFERENCES `documents` (`id`) ON DELETE CASCADE ON UPDATE CASCADE,
  ADD CONSTRAINT `contents_ibfk_4` FOREIGN KEY (`document_id`) REFERENCES `documents` (`id`) ON DELETE CASCADE ON UPDATE CASCADE;

--
-- Constraints for table `documents`
--
ALTER TABLE `documents`
  ADD CONSTRAINT `documents_ibfk_1` FOREIGN KEY (`icon`) REFERENCES `files` (`id`) ON DELETE CASCADE ON UPDATE CASCADE;

--
-- Constraints for table `resources`
--
ALTER TABLE `resources`
  ADD CONSTRAINT `resources_ibfk_1` FOREIGN KEY (`file_id`) REFERENCES `files` (`id`) ON DELETE CASCADE ON UPDATE CASCADE,
  ADD CONSTRAINT `resources_ibfk_2` FOREIGN KEY (`file_id_2`) REFERENCES `files` (`id`) ON DELETE CASCADE ON UPDATE CASCADE;

--
-- Constraints for table `user`
--
ALTER TABLE `user`
  ADD CONSTRAINT `user_ibfk_1` FOREIGN KEY (`file_id`) REFERENCES `files` (`id`);
COMMIT;

/*!40101 SET CHARACTER_SET_CLIENT=@OLD_CHARACTER_SET_CLIENT */;
/*!40101 SET CHARACTER_SET_RESULTS=@OLD_CHARACTER_SET_RESULTS */;
/*!40101 SET COLLATION_CONNECTION=@OLD_COLLATION_CONNECTION */;
